rank,symbol,name,tier,vol,n_exp,e45,maxd,c_spr,p_spr,oi4,px,leveraged,etn,err
1,SPY,State Street SPDR S&P 500 ETF Trust,S,2760570,31,14,849,0.003,0.003,1698906,767.81,False,False,
2,QQQ,Invesco QQQ Trust,S,1534038,30,14,849,0.007,0.001,1029793,741.21,False,False,
3,IWM,iShares Russell 2000 ETF,S,419827,31,14,849,0.018,0.014,531729,281.92,False,False,
4,SLV,iShares Silver Trust,A,217475,26,11,849,0.069,0.086,670997,58.16,False,False,
5,GLD,SPDR Gold Shares,A,123519,28,14,849,0.064,0.051,214609,392.88,False,False,
6,TQQQ,ProShares UltraPro QQQ,A,76787,17,11,849,0.559,1.081,288476,78.66,True,False,
7,USO,"United States Oil Fund, LP",A,60718,21,9,849,0.269,0.302,340026,148.83,False,False,
8,SMH,VanEck Semiconductor ETF,A,59799,27,14,849,0.291,0.366,337205,601.41,False,False,
9,SOXL,Direxion Daily Semiconductor Bull 3X Shares,A,58438,18,11,849,1.06,0.786,257660,146.25,True,False,
10,GDX,,A,54498,17,6,849,0.299,0.299,442282,93.56,False,False,
11,HYG,iShares iBoxx $ High Yield Corporate Bond ETF,A,42401,20,6,849,0.666,0.538,2180415,78.1,False,False,
12,XLE,State Street Energy Select Sector SPDR ETF,A,41237,24,11,849,4.57,1.058,182898,62.37,False,False,
13,EEM,iShares MSCI Emerging Markets ETF,A,38686,23,11,849,0.473,0.251,106365,67.71,False,False,
14,XLF,State Street Financial Select Sector SPDR ETF,A,37241,27,14,849,0.183,0.33,115384,54.54,False,False,
15,KWEB,KraneShares CSI China Internet ETF,A,37076,14,6,849,0.604,0.644,468013,24.85,False,False,
16,IGV,iShares Expanded Tech-Software Sector ETF,A,25426,18,6,849,0.444,0.925,255048,108.1,False,False,
17,EWZ,iShares MSCI Brazil ETF,A,22923,21,7,849,1.124,1.124,467312,37.37,False,False,
18,EWY,iShares MSCI South Korea ETF,A,22420,14,6,849,0.512,0.862,376072,185.65,False,False,
19,EFA,iShares MSCI EAFE ETF,A,21247,19,7,849,0.992,1.107,122960,104.8,False,False,
20,FXI,iShares China Large-Cap ETF,A,16902,23,7,849,0.931,0.96,221299,34.36,False,False,
21,ARKK,ARK Innovation ETF,A,16390,13,6,849,0.434,0.323,212087,89.77,False,False,
22,XLP,State Street Consumer Staples Select Sector SPDR ETF,B,14180,13,6,849,0.704,1.88,67163,82.43,False,False,
23,KRE,State Street SPDR S&P Regional Banking ETF,B,13977,20,7,849,4.263,3.268,90343,70.38,False,False,
24,DIA,State Street SPDR Dow Jones Industrial Average ETF Trust,B,13902,20,7,849,0.058,0.054,160514,514.3,False,False,
25,XLI,State Street Industrial Select Sector SPDR ETF,B,12311,14,6,849,0.805,1.029,84285,170.1,False,False,
26,XLB,State Street Materials Select Sector SPDR ETF,B,11364,13,6,849,1.352,3.361,106269,50.28,False,False,
27,UNG,"United States Natural Gas Fund, LP",B,10379,14,9,849,0.368,0.92,38397,10.87,False,False,
28,XLU,State Street Utilities Select Sector SPDR ETF,B,9648,16,6,849,1.308,2.893,141633,39.75,False,False,
29,LQD,iShares iBoxx $ Investment Grade Corporate Bond ETF,B,9041,19,6,849,1.367,1.559,770925,103.89,False,False,
30,XBI,State Street SPDR S&P Biotech ETF,B,8979,15,6,849,0.58,0.322,168238,155.2,False,False,
31,TNA,Direxion Daily Small Cap Bull 3X Shares,B,7808,13,6,849,0.447,0.728,54975,60.43,True,False,
32,SOXX,iShares Semiconductor ETF,B,7707,19,6,849,0.247,0.336,191624,565.72,False,False,
33,AMLP,Alerian MLP ETF,B,6518,4,1,205,0.28,0.653,19022,53.58,False,False,
34,BNO,"United States Brent Oil Fund, LP",B,5880,11,6,849,1.325,0.828,153083,60.36,False,False,
35,XLK,State Street Technology Select Sector SPDR ETF,B,5126,18,6,849,0.384,0.307,175588,195.34,False,False,
36,VOO,Vanguard S&P 500 ETF,B,5112,15,6,849,0.339,0.424,27566,707.6,False,False,
37,IEF,iShares 7-10 Year Treasury Bond ETF,B,4695,14,6,849,0.044,0.044,472801,90.19,False,False,
38,BOIL,ProShares Ultra Bloomberg Natural Gas,B,4479,12,6,849,0.875,0.368,45251,21.72,True,False,
39,XLY,State Street Consumer Discretionary Select Sector SPDR ETF,B,4327,14,6,849,1.627,4.067,37169,110.65,False,False,
40,XOP,State Street SPDR S&P Oil & Gas Exploration & Production ETF,B,3661,15,6,849,2.168,2.387,122544,182.65,False,False,
41,COPX,Global X Copper Miners ETF,B,3648,14,6,849,0.747,0.747,58528,87.03,False,False,
42,URA,Global X Uranium ETF,B,3336,12,6,849,0.476,0.357,96401,41.99,False,False,
43,RSP,Invesco S&P 500 Equal Weight ETF,B,3214,16,6,849,0.71,2.295,56423,211.31,False,False,
44,XLV,State Street Health Care Select Sector SPDR ETF,B,3137,14,6,849,2.844,2.103,78975,168.8,False,False,
45,XRT,State Street SPDR S&P Retail ETF,B,2818,13,6,849,5.847,5.847,54075,82.1,False,False,
46,IAU,iShares Gold Trust,B,2807,14,6,849,0.248,0.31,80299,80.52,False,False,
47,IYR,iShares U.S. Real Estate ETF,B,2660,14,6,849,4.936,4.936,18101,97.24,False,False,
48,UCO,ProShares Ultra Bloomberg Crude Oil,B,2508,9,1,849,1.534,1.725,70254,52.16,True,False,
49,GBTC,Grayscale Bitcoin Trust ETF,B,2339,12,6,849,0.383,0.766,10259,65.31,False,False,
50,UPRO,ProShares UltraPro S&P500,B,2146,12,6,849,1.231,0.599,23376,150.3,True,False,
51,GDXJ,,B,2116,13,6,849,0.989,2.342,32834,121.28,False,False,
52,MTUM,iShares MSCI USA Momentum Factor ETF,B,1958,12,6,849,0.347,0.41,17390,316.95,False,False,
53,SPXL,Direxion Daily S&P500 Bull 3X Shares,B,1905,14,6,849,0.417,0.487,12921,287.55,True,False,
54,EWT,iShares MSCI Taiwan ETF,B,1840,7,1,849,1.111,0.533,51403,112.5,False,False,
55,WEAT,Teucrium Wheat Fund,B,1796,8,1,849,0.584,0.584,174254,25.68,False,False,
56,SCHD,Schwab U.S. Dividend Equity ETF,B,1776,11,6,849,0.751,0.3,52774,33.28,False,False,
57,EWC,iShares MSCI Canada ETF,B,0,8,1,849,1.09,0.922,143598,59.65,False,False,
58,CORN,Teucrium Corn Fund,B,0,8,1,849,0.506,0.759,127199,19.76,False,False,
59,VGT,Vanguard Information Technology Index Fund ETF Shares,B,0,13,1,849,0.279,1.314,82906,125.6,False,False,
60,FEZ,State Street SPDR EURO STOXX 50 ETF,B,0,12,6,849,2.06,1.177,30688,67.96,False,False,
61,EWJ,iShares MSCI Japan ETF,B,0,12,6,849,0.412,0.567,22463,97.05,False,False,
62,NAIL,Direxion Daily Homebuilders & Supplies Bull 3X Shares,B,0,12,6,849,3.836,2.001,20728,29.98,True,False,
63,XHB,State Street SPDR S&P Homebuilders ETF,B,0,14,6,849,4.789,4.944,16938,97.09,False,False,
64,FAS,Direxion Daily Financial Bull 3X Shares,B,0,16,6,849,1.263,1.629,11558,150.38,True,False,
65,XLC,State Street Communication Services Select Sector SPDR ETF,B,0,12,6,849,2.488,4.264,10765,112.56,False,False,
66,DPST,Direxion Daily Regional Banks Bull 3X Shares,B,0,12,6,849,3.054,2.269,6530,114.6,True,False,
67,SSO,ProShares Ultra S&P500,B,0,12,6,849,0.639,0.426,4562,70.38,True,False,
68,LABD,Direxion Daily S&P Biotech Bear 3X Shares,B,0,12,6,849,2.721,7.483,3928,7.35,True,False,
69,IVV,iShares Core S&P 500 ETF,B,0,14,6,814,0.558,0.233,1912,771.21,False,False,
70,XME,State Street SPDR S&P Metals & Mining ETF,C,0,9,1,849,1.278,3.65,96279,109.58,False,False,
71,CPER,"United States Copper Index Fund, LP",C,0,9,1,849,0.123,0.369,70442,40.61,False,False,
72,UUP,Invesco DB US Dollar Index Bullish Fund,C,0,7,1,849,0.524,1.745,56008,28.65,False,False,
73,TECL,Direxion Daily Technology Bull 3X Shares,C,0,10,1,849,1.212,0.433,44520,231.0,True,False,
74,SVXY,ProShares Short VIX Short-Term Futures ETF,C,0,9,1,849,0.705,0.705,35155,63.79,True,True,
75,IBB,iShares Biotechnology ETF,C,0,11,1,849,0.629,0.605,23332,206.6,False,False,
76,KIE,State Street SPDR S&P Insurance ETF,C,0,9,1,849,0.749,0.832,18108,60.09,False,False,
77,VXUS,Vanguard Total International Stock Index Fund ETF Shares,C,0,9,6,205,2.619,1.338,7769,85.92,False,False,
78,VTI,,C,0,9,1,849,,,,,False,False,
79,GUSH,Direxion Daily S&P Oil & Gas Exp. & Prod. Bull 2X Shares,C,0,7,1,849,,,,42.03,True,False,
80,ITB,iShares U.S. Home Construction ETF,C,0,7,1,849,,,,88.79,False,False,
81,VNQ,Vanguard Real Estate Index Fund ETF Shares,C,0,7,1,849,,,,91.45,False,False,
82,KBE,State Street SPDR S&P Bank ETF,C,0,7,1,485,,,,64.51,False,False,
83,SPYM,State Street SPDR Portfolio S&P 500 ETF,C,0,7,1,849,,,,90.37,False,False,
84,MDY,State Street SPDR S&P MIDCAP 400 ETF Trust,C,0,7,1,450,,,,666.33,False,False,
85,SPMO,Invesco S&P 500 Momentum ETF,C,0,7,1,849,,,,151.92,False,False,
86,INDA,iShares MSCI India ETF,C,0,7,1,849,,,,48.05,False,False,
87,OIH,VanEck Oil Services ETF,C,0,7,1,849,,,,395.66,False,False,
88,IHI,iShares U.S. Medical Devices ETF,C,0,7,1,849,,,,51.78,False,False,
89,CIBR,First Trust NASDAQ Cybersecurity ETF,C,0,7,1,450,,,,104.01,False,False,
90,ITA,iShares U.S. Aerospace & Defense ETF,C,0,7,1,267,,,,213.92,False,False,
91,TBT,ProShares UltraShort 20+ Year Treasury,C,0,7,1,849,,,,39.67,True,False,
92,BKLN,Invesco Senior Loan ETF,C,0,7,2,849,,,,20.53,False,False,
93,UGA,"United States Gasoline Fund, LP",C,0,6,1,205,,,,150.29,False,False,
94,QLD,ProShares Ultra QQQ,C,0,6,1,849,,,,96.16,True,False,
95,KBWB,Invesco KBW Bank ETF,C,0,6,1,849,,,,89.11,False,False,
96,CANE,Teucrium Sugar Fund,C,0,6,1,849,,,,11.37,False,False,
97,VUG,Vanguard Morningstar Growth ETF,C,0,6,1,849,,,,90.27,False,False,
98,DGRO,iShares Core Dividend Growth ETF,C,0,6,1,485,,,,76.51,False,False,
99,IWD,iShares Russell 1000 Value ETF,C,0,6,1,485,,,,251.42,False,False,
100,DBA,Invesco DB Agriculture Fund,C,0,6,1,849,,,,28.55,False,False,
101,EWW,iShares MSCI Mexico ETF,C,0,6,1,485,,,,73.42,False,False,
102,SOYB,Teucrium Soybean Fund,C,0,6,1,450,,,,27.99,False,False,
103,CRAK,VanEck Oil Refiners ETF,C,0,6,1,422,,,,64.08,False,False,
104,ARGT,Global X MSCI Argentina ETF,C,0,6,1,450,,,,91.1,False,False,
105,MUB,iShares National Muni Bond ETF,C,0,6,1,485,,,,102.04,False,False,
106,SHY,iShares 1-3 Year Treasury Bond ETF,C,0,6,1,485,,,,81.12,False,False,
107,REMX,VanEck Rare Earth and Strategic Metals ETF,D,0,5,1,240,,,,68.76,False,False,
108,UDOW,ProShares UltraPro Dow30,D,0,5,1,177,,,,65.27,True,False,
109,DBE,Invesco DB Energy Fund,D,0,5,1,205,,,,37.08,False,False,
110,XLRE,State Street Real Estate Select Sector SPDR ETF,D,0,5,1,240,,,,41.84,False,False,
111,XSD,State Street SPDR S&P Semiconductor ETF,D,0,5,1,205,,,,527.44,False,False,
112,PDBC,Invesco Optimum Yield Diversified Commodity Strategy No K-1 ETF,D,0,5,1,177,,,,19.61,False,False,
113,DBC,Invesco DB Commodity Index Tracking Fund,D,0,5,1,450,,,,32.88,False,False,
114,BIZD,VanEck BDC Income ETF,D,0,5,1,240,,,,12.94,False,False,
115,PAVE,Global X U.S. Infrastructure Development ETF,D,0,5,1,267,,,,53.39,False,False,
116,QTUM,Defiance Quantum ETF,D,0,5,1,205,,,,152.45,False,False,
117,IWF,iShares Russell 1000 Growth ETF,D,0,5,1,240,,,,125.39,False,False,
118,IJR,iShares Core S&P Small-Cap ETF,D,0,5,1,240,,,,138.14,False,False,
119,YANG,Direxion Daily FTSE China Bear 3X Shares,D,0,5,1,485,,,,31.03,True,False,
120,IWB,iShares Russell 1000 ETF,D,0,5,1,240,,,,419.35,False,False,
121,VIG,Vanguard Dividend Appreciation Index Fund ETF Shares,D,0,5,1,240,,,,236.77,False,False,
122,ACWI,iShares MSCI ACWI ETF,D,0,5,1,450,,,,160.22,False,False,
123,DXJ,WisdomTree Japan Hedged Equity Fund,D,0,5,1,240,,,,179.79,False,False,
124,AIQ,Global X Artificial Intelligence & Technology ETF,D,0,5,1,240,,,,65.99,False,False,
125,ROBO,Robo Global Robotics and Automation Index ETF,D,0,5,1,177,,,,80.21,False,False,
126,BOTZ,Global X Robotics & Artificial Intelligence ETF,D,0,5,1,267,,,,35.29,False,False,
127,TIP,iShares TIPS Bond ETF,D,0,5,1,177,,,,104.81,False,False,
128,BDRY,Breakwave Dry Bulk Shipping ETF,D,0,4,1,240,,,,15.96,False,False,
129,DRN,Direxion Daily Real Estate Bull 3X Shares,D,0,4,1,240,,,,8.91,True,False,
130,DIG,ProShares Ultra Energy,D,0,4,1,177,,,,66.41,True,False,
131,ERX,Direxion Daily Energy Bull 2X Shares,D,0,4,1,205,,,,103.41,True,False,
132,TPOR,Direxion Daily Transportation Bull 3X Shares,D,0,4,1,177,,,,31.67,True,False,
133,USD,ProShares Ultra Semiconductors,D,0,4,1,240,,,,94.69,True,False,
134,RETL,Direxion Daily Retail Bull 3X Shares,D,0,4,1,177,,,,7.11,True,False,
135,FCG,First Trust Natural Gas ETF,D,0,4,1,177,,,,29.68,False,False,
136,PXE,Invesco Energy Exploration & Production ETF,D,0,4,1,240,,,,39.89,False,False,
137,CURE,Direxion Daily Healthcare Bull 3X Shares,D,0,4,1,240,,,,130.33,True,False,
138,IEO,iShares U.S. Oil & Gas Exploration & Production ETF,D,0,4,1,177,,,,133.59,False,False,
139,MIDU,Direxion Daily Mid Cap Bull 3X Shares,D,0,4,1,205,,,,62.07,True,False,
140,UYG,ProShares Ultra Financials,D,0,4,1,177,,,,87.4,True,False,
141,OILK,ProShares K-1 Free Crude Oil ETF,D,0,4,1,149,,,,57.2,False,False,
142,USL,"United States 12 Month Oil Fund, LP",D,0,4,1,205,,,,56.53,False,False,
143,DUSL,Direxion Daily Industrials Bull 3X Shares,D,0,4,1,177,,,,78.67,True,False,
144,DBO,Invesco DB Oil Fund,D,0,4,1,205,,,,24.29,False,False,
145,VDE,Vanguard Energy Index Fund ETF Shares,D,0,4,1,177,,,,174.75,False,False,
146,FENY,Fidelity MSCI Energy Index ETF,D,0,4,1,177,,,,34.4,False,False,
147,IYE,iShares U.S. Energy ETF,D,0,4,1,205,,,,65.76,False,False,
148,AMZA,InfraCap MLP ETF,D,0,4,1,177,,,,49.03,False,False,
149,UTSL,Direxion Daily Utilities Bull 3X Shares,D,0,4,1,240,,,,29.94,True,False,
150,REZ,iShares Residential and Multisector Real Estate ETF,D,0,4,1,205,,,,89.08,False,False,
151,EURL,Direxion Daily FTSE Europe Bull 3X Shares,D,0,4,1,177,,,,43.86,True,False,
152,PSI,Invesco Semiconductors ETF,D,0,4,1,240,,,,147.74,False,False,
153,RWR,State Street SPDR Dow Jones REIT ETF,D,0,4,1,205,,,,106.32,False,False,
154,SMIN,iShares MSCI India Small-Cap ETF,D,0,4,1,240,,,,70.32,False,False,
155,COWZ,Pacer US Cash Cows 100 ETF,D,0,4,1,177,,,,67.94,False,False,
156,DDM,ProShares Ultra Dow30,D,0,4,1,205,,,,62.78,True,False,
157,SCHH,Schwab U.S. REIT ETF,D,0,4,1,205,,,,22.42,False,False,
158,INDL,Direxion Daily MSCI India Bull 2x Shares,D,0,4,1,205,,,,41.98,True,False,
159,SPHB,Invesco S&P 500 High Beta ETF,D,0,4,1,177,,,,151.74,False,False,
160,CALF,Pacer US Small Cap Cash Cows 100 ETF,D,0,4,1,205,,,,54.22,False,False,
161,IAI,iShares U.S. Broker-Dealers & Securities Exchanges ETF,D,0,4,1,205,,,,182.83,False,False,
162,MLPX,Global X MLP & Energy Infrastructure ETF,D,0,4,1,177,,,,72.47,False,False,
163,GSG,iShares S&P GSCI Commodity-Indexed Trust,D,0,4,1,205,,,,36.15,False,False,
164,IAT,iShares U.S. Regional Banks ETF,D,0,4,1,205,,,,57.85,False,False,
165,LIT,Global X Lithium & Battery Tech ETF,D,0,4,1,205,,,,69.58,False,False,
166,VFH,Vanguard Financials Index Fund ETF Shares,D,0,4,1,240,,,,132.87,False,False,
167,IYW,iShares U.S. Technology ETF,D,0,4,1,177,,,,264.52,False,False,
168,FTXL,First Trust Nasdaq Semiconductor ETF,D,0,4,1,177,,,,251.32,False,False,
169,USCI,"United States Commodity Index Fund, LP",D,0,4,1,205,,,,110.79,False,False,
170,AIRR,First Trust RBA American Industrial RenaissanceTM ETF,D,0,4,1,240,,,,105.32,False,False,
171,SPYD,State Street SPDR Portfolio S&P 500 High Dividend ETF,D,0,4,1,177,,,,46.44,False,False,
172,PKW,Invesco BuyBack Achievers ETF,D,0,4,1,240,,,,145.19,False,False,
173,SPYG,State Street SPDR Portfolio S&P 500 Growth ETF,D,0,4,1,177,,,,123.06,False,False,
174,VOOG,Vanguard S&P 500 Growth Index Fund ETF Shares,D,0,4,1,177,,,,85.46,False,False,
175,KBWD,Invesco KBW High Dividend Yield Financial ETF,D,0,4,1,240,,,,11.46,False,False,
176,IVW,iShares S&P 500 Growth ETF,D,0,4,1,205,,,,142.21,False,False,
177,DVY,iShares Select Dividend ETF,D,0,4,1,177,,,,155.24,False,False,
178,BLOK,Amplify Blockchain Technology ETF,D,0,4,1,240,,,,65.51,False,False,
179,IYF,iShares U.S. Financials ETF,D,0,4,1,240,,,,128.98,False,False,
180,IUSG,iShares Core S&P U.S. Growth ETF,D,0,4,1,177,,,,193.78,False,False,
181,PHO,Invesco Water Resources ETF,D,0,4,1,177,,,,68.78,False,False,
182,KBWY,Invesco KBW Premium Yield Equity REIT ETF,D,0,4,1,240,,,,16.8,False,False,
183,IWY,iShares Russell Top 200 Growth ETF,D,0,4,1,240,,,,295.16,False,False,
184,KARS,KraneShares Electric Vehicles and Future Mobility Index ETF,D,0,4,1,450,,,,28.36,False,False,
185,XLG,Invesco S&P 500 Top 50 ETF,D,0,4,1,177,,,,63.84,False,False,
186,IJS,iShares S&P Small-Cap 600 Value ETF,D,0,4,1,240,,,,130.22,False,False,
187,FTEC,Fidelity MSCI Information Technology Index ETF,D,0,4,1,177,,,,299.87,False,False,
188,RWL,Invesco S&P 500 Revenue ETF,D,0,4,1,177,,,,130.69,False,False,
189,IETC,iShares U.S. Tech Independence Focused ETF,D,0,4,1,177,,,,114.54,False,False,
190,TDIV,First Trust NASDAQ Technology Dividend Index Fund,D,0,4,1,240,,,,114.87,False,False,
191,IXN,iShares Global Tech ETF,D,0,4,1,177,,,,147.75,False,False,
192,FDVV,Fidelity High Dividend ETF,D,0,4,1,240,,,,61.56,False,False,
193,URTY,ProShares UltraPro Russell2000,D,0,4,1,240,,,,70.14,True,False,
194,DBB,Invesco DB Base Metals Fund,D,0,4,1,205,,,,25.81,False,False,
195,MGK,Vanguard Morningstar Mega Cap Growth ETF,D,0,4,1,205,,,,92.71,False,False,
196,RSPT,Invesco S&P 500 Equal Weight Technology ETF,D,0,4,1,177,,,,66.45,False,False,
197,GRID,First Trust NASDAQ Clean Edge Smart Grid Infrastructure Index Fund,D,0,4,1,177,,,,179.59,False,False,
198,SLX,VanEck Steel ETF,D,0,4,1,177,,,,104.8,False,False,
199,EQWL,Invesco S&P 100 Equal Weight ETF,D,0,4,1,177,,,,130.83,False,False,
200,VBR,Vanguard Morningstar Small-Cap Value ETF,D,0,4,1,177,,,,236.83,False,False,
201,SCHG,Schwab U.S. Large-Cap Growth ETF,D,0,4,1,205,,,,36.0,False,False,
202,EPI,WisdomTree India Earnings Fund,D,0,4,1,205,,,,41.77,False,False,
203,IWN,iShares Russell 2000 Value ETF,D,0,4,1,240,,,,213.32,False,False,
204,SPHQ,Invesco S&P 500 Quality ETF,D,0,4,1,205,,,,84.6,False,False,
205,VONG,Vanguard Russell 1000 Growth Index Fund ETF Shares,D,0,4,1,240,,,,129.07,False,False,
206,VAW,Vanguard Materials Index Fund ETF Shares,D,0,4,1,240,,,,224.98,False,False,
207,QUAL,iShares MSCI USA Quality Factor ETF,D,0,4,1,205,,,,222.14,False,False,
208,PBJ,Invesco Food & Beverage ETF,D,0,4,1,240,,,,45.42,False,False,
209,SPSM,State Street SPDR Portfolio S&P 600 Small Cap ETF,D,0,4,1,177,,,,53.7,False,False,
210,SCHX,Schwab U.S. Large-Cap ETF,D,0,4,1,240,,,,30.24,False,False,
211,VTV,Vanguard Morningstar Value ETF,D,0,4,1,240,,,,220.61,False,False,
212,IYT,iShares Transportation Average ETF,D,0,4,1,177,,,,79.76,False,False,
213,VYM,Vanguard High Dividend Yield Index Fund ETF Shares,D,0,4,1,205,,,,157.66,False,False,
214,SCHK,Schwab 1000 ETF,D,0,4,1,240,,,,36.94,False,False,
215,SCHB,,D,0,4,1,205,,,,29.55,False,False,
216,IGM,,D,0,4,1,177,,,,,False,False,
217,ITOT,,D,0,4,1,205,,,,,False,False,
218,NOBL,ProShares S&P 500 Dividend Aristocrats ETF,D,0,4,1,205,,,,55.15,False,False,
219,SCHV,Schwab U.S. Large-Cap Value ETF,D,0,4,1,177,,,,33.82,False,False,
220,IWV,iShares Russell 3000 ETF,D,0,4,1,240,,,,435.02,False,False,
221,SDY,State Street SPDR S&P Dividend ETF,D,0,4,1,205,,,,148.97,False,False,
222,VCR,Vanguard Consumer Discretionary Index Fund ETF Shares,D,0,4,1,177,,,,371.28,False,False,
223,SPHD,Invesco S&P 500 High Dividend Low Volatility ETF,D,0,4,1,177,,,,49.18,False,False,
224,FLIN,Franklin FTSE India ETF,D,0,4,1,205,,,,34.58,False,False,
225,IJH,iShares Core S&P Mid-Cap ETF,D,0,4,1,240,,,,73.03,False,False,
226,IVE,iShares S&P 500 Value ETF,D,0,4,1,205,,,,231.92,False,False,
227,VO,Vanguard Morningstar Mid-Cap ETF,D,0,4,1,205,,,,79.93,False,False,
228,IHF,iShares U.S. Healthcare Providers ETF,D,0,4,1,240,,,,54.96,False,False,
229,MOAT,VanEck Morningstar Wide Moat ETF,D,0,4,1,177,,,,108.04,False,False,
230,MOO,VanEck Agribusiness ETF,D,0,4,1,240,,,,84.31,False,False,
231,PFFA,Virtus InfraCap U.S. Preferred Stock ETF,D,0,4,1,177,,,,20.21,False,False,
232,SPLV,Invesco S&P 500 Low Volatility ETF,D,0,4,1,177,,,,71.35,False,False,
233,UWM,ProShares Ultra Russell2000,D,0,4,1,205,,,,58.42,True,False,
234,HEDJ,WisdomTree Europe Hedged Equity Fund,D,0,4,1,240,,,,56.07,False,False,
235,FXP,ProShares UltraShort FTSE China 50,D,0,4,1,177,,,,21.39,True,False,
236,RSPH,Invesco S&P 500 Equal Weight Health Care ETF,D,0,4,1,205,,,,36.94,False,False,
237,DIVO,Amplify CWP Enhanced Dividend Income ETF,D,0,4,1,240,,,,47.09,False,False,
238,VNM,VanEck Vietnam ETF,D,0,4,1,177,,,,17.32,False,False,
239,SLYG,State Street SPDR S&P 600 Small Cap Growth ETF,D,0,4,1,240,,,,108.56,False,False,
240,YCS,ProShares UltraShort Yen,D,0,4,1,240,,,,54.35,True,False,
241,ONEQ,Fidelity Nasdaq Composite Index ETF,D,0,4,1,240,,,,106.14,False,False,
242,IWR,iShares Russell Mid-Cap ETF,D,0,4,1,240,,,,108.32,False,False,
243,URTH,iShares MSCI World ETF,D,0,4,1,177,,,,207.84,False,False,
244,EWQ,iShares MSCI France ETF,D,0,4,1,177,,,,43.63,False,False,
245,XMHQ,Invesco S&P MidCap Quality ETF,D,0,4,1,177,,,,113.48,False,False,
246,USMV,iShares MSCI USA Min Vol Factor ETF,D,0,4,1,177,,,,98.64,False,False,
247,VIS,Vanguard Industrials Index Fund ETF Shares,D,0,4,1,240,,,,326.8,False,False,
248,VHT,Vanguard Health Care Index Fund ETF Shares,D,0,4,1,177,,,,316.18,False,False,
249,PWB,Invesco Large Cap Growth ETF,D,0,4,1,177,,,,161.85,False,False,
250,HDV,iShares Core High Dividend ETF,D,0,4,1,240,,,,28.42,False,False,
251,EWL,iShares MSCI Switzerland ETF,D,0,4,1,205,,,,60.37,False,False,
252,EUFN,iShares MSCI Europe Financials ETF,D,0,4,1,205,,,,40.3,False,False,
253,IWC,iShares Micro-Cap ETF,D,0,4,1,177,,,,187.82,False,False,
254,YYY,Amplify CEF High Income ETF,D,0,4,1,240,,,,10.6,False,False,
255,VT,Vanguard Total World Stock Index Fund ETF Shares,D,0,4,1,240,,,,159.33,False,False,
256,QQQE,Direxion NASDAQ-100 Equal Weighted Index Shares,D,0,4,1,177,,,,120.9,False,False,
257,EWU,iShares MSCI United Kingdom ETF,D,0,4,1,205,,,,47.09,False,False,
258,PPH,VanEck Pharmaceutical ETF,D,0,4,1,205,,,,110.3,False,False,
259,VB,Vanguard Morningstar Small-Cap ETF,D,0,4,1,177,,,,289.67,False,False,
260,XNTK,State Street SPDR NYSE Technology ETF,D,0,4,1,177,,,,381.51,False,False,
261,VDC,Vanguard Consumer Staples Index Fund ETF Shares,D,0,4,1,205,,,,223.13,False,False,
262,VPU,Vanguard Utilities Index Fund ETF Shares,D,0,4,1,177,,,,172.45,False,False,
263,BATT,Amplify Lithium & Battery Technology ETF,D,0,4,1,240,,,,14.82,False,False,
264,REM,iShares Mortgage Real Estate Capped ETF,D,0,4,1,205,,,,19.32,False,False,
265,VGK,Vanguard FTSE Europe ETF,D,0,4,1,177,,,,88.01,False,False,
266,SCHA,Schwab U.S. Small-Cap ETF,D,0,4,1,205,,,,33.16,False,False,
267,MORT,VanEck Mortgage REIT Income ETF,D,0,4,1,240,,,,8.92,False,False,
268,IEZ,iShares U.S. Oil Equipment & Services ETF,D,0,4,1,205,,,,27.9,False,False,
269,MXI,iShares Global Materials ETF,D,0,4,1,177,,,,109.81,False,False,
270,VYMI,Vanguard International High Dividend Yield Index Fund ETF Shares,D,0,4,1,240,,,,102.27,False,False,
271,VTWO,Vanguard Russell 2000 Index Fund ETF Shares,D,0,4,1,177,,,,113.92,False,False,
272,EUO,ProShares UltraShort Euro,D,0,4,1,240,,,,31.26,True,False,
273,FITE,State Street SPDR S&P Kensho Future Security ETF,D,0,4,1,205,,,,112.74,False,False,
274,SRET,Global X SuperDividend REIT ETF,D,0,4,1,177,,,,20.51,False,False,
275,VOX,Vanguard Communication Services Index Fund ETF Shares,D,0,4,1,205,,,,192.96,False,False,
276,EZU,iShares MSCI Eurozone ETF,D,0,4,1,240,,,,68.08,False,False,
277,NLR,VanEck Uranium and Nuclear ETF,D,0,4,1,177,,,,108.33,False,False,
278,IHE,iShares U.S. Pharmaceuticals ETF,D,0,4,1,205,,,,101.32,False,False,
279,IQLT,iShares MSCI Intl Quality Factor ETF,D,0,4,1,177,,,,49.99,False,False,
280,DFEN,Direxion Daily Aerospace & Defense Bull 3X Shares,D,0,4,1,205,,,,52.15,True,False,
281,IWP,iShares Russell Mid-Cap Growth ETF,D,0,4,1,205,,,,138.85,False,False,
282,VXF,Vanguard Extended Market Index Fund ETF Shares,D,0,4,1,177,,,,235.36,False,False,
283,VIGI,Vanguard International Dividend Appreciation Index Fund ETF Shares,D,0,4,1,240,,,,95.35,False,False,
284,CUT,Invesco MSCI Global Timber ETF,D,0,4,1,177,,,,29.3,False,False,
285,EPOL,iShares MSCI Poland ETF,D,0,4,1,177,,,,44.58,False,False,
286,FFTY,CapForce IBD 50 ETF,D,0,4,1,177,,,,34.95,False,False,
287,BBH,VanEck Biotech ETF,D,0,4,1,177,,,,240.21,False,False,
288,DEM,WisdomTree Emerging Markets High Dividend Fund,D,0,4,1,177,,,,56.37,False,False,
289,VEA,Vanguard FTSE Developed Markets Index Fund ETF Shares,D,0,4,1,177,,,,71.42,False,False,
290,SCHF,Schwab International Equity ETF,D,0,4,1,205,,,,27.74,False,False,
291,IEFA,iShares Core MSCI EAFE ETF,D,0,4,1,177,,,,97.82,False,False,
292,JDST,Direxion Daily Junior Gold Miners Index Bear 2X Shares,D,0,4,1,177,,,,22.5,True,False,
293,SKYY,First Trust Cloud Computing ETF,D,0,4,1,205,,,,167.54,False,False,
294,QYLD,Global X NASDAQ 100 Covered Call ETF,D,0,4,1,240,,,,18.51,False,False,
295,ISRA,VanEck Israel ETF,D,0,4,1,177,,,,68.19,False,False,
296,SCZ,iShares MSCI EAFE Small-Cap ETF,D,0,4,1,177,,,,85.04,False,False,
297,EWA,iShares MSCI Australia ETF,D,0,4,1,205,,,,28.36,False,False,
298,EMXC,iShares MSCI Emerging Markets ex China ETF,D,0,4,1,177,,,,100.43,False,False,
299,IXUS,iShares Core MSCI Total International Stock ETF,D,0,4,1,240,,,,96.15,False,False,
300,VEU,Vanguard FTSE All-World ex-US Index Fund ETF Shares,D,0,4,1,177,,,,83.97,False,False,
301,ACWX,iShares MSCI ACWI ex U.S. ETF,D,0,4,1,177,,,,76.55,False,False,
302,EZA,iShares MSCI South Africa ETF,D,0,4,1,205,,,,66.44,False,False,
303,PPA,Invesco Aerospace & Defense ETF,D,0,4,1,177,,,,159.5,False,False,
304,DAX,Global X DAX Germany ETF,D,0,4,1,205,,,,44.69,False,False,
305,PFF,iShares Preferred and Income Securities ETF,D,0,4,1,205,,,,29.85,False,False,
306,HACK,Amplify Cybersecurity ETF,D,0,4,1,177,,,,124.07,False,False,
307,FDN,First Trust Dow Jones Internet Index Fund,D,0,4,1,205,,,,290.32,False,False,
308,VBK,Vanguard Morningstar Small-Cap Growth ETF,D,0,4,1,177,,,,340.72,False,False,
309,VNQI,Vanguard Global ex-U.S. Real Estate Index Fund ETF Shares,D,0,4,1,205,,,,43.22,False,False,
310,ARKQ,ARK Autonomous Technology & Robotics ETF,D,0,4,1,177,,,,124.72,False,False,
311,IWO,iShares Russell 2000 Growth ETF,D,0,4,1,240,,,,360.39,False,False,
312,XAR,State Street SPDR S&P Aerospace & Defense ETF,D,0,4,1,205,,,,239.37,False,False,
313,CWB,State Street SPDR Bloomberg Convertible Securities ETF,D,0,4,1,205,,,,102.4,False,False,
314,PZA,Invesco National AMT-Free Municipal Bond ETF,D,0,4,1,205,,,,21.65,False,False,
315,TBF,ProShares Short 20+ Year Treasury,D,0,4,1,177,,,,25.88,True,False,
316,THD,iShares MSCI Thailand ETF,D,0,4,1,177,,,,73.31,False,False,
317,VPL,Vanguard FTSE Pacific Index Fund ETF Shares,D,0,4,1,177,,,,116.53,False,False,
318,VTEB,Vanguard Tax-Exempt Bond Index Fund ETF Shares,D,0,4,1,240,,,,47.91,False,False,
319,IPAY,Amplify Digital Payments ETF,D,0,4,1,177,,,,47.01,False,False,
320,EWM,iShares MSCI Malaysia ETF,D,0,4,1,205,,,,27.64,False,False,
321,FLRN,State Street SPDR Bloomberg Investment Grade Floating Rate ETF,D,0,4,1,240,,,,30.81,False,False,
322,VGSH,Vanguard Short-Term Treasury Index Fund ETF Shares,D,0,4,1,177,,,,57.52,False,False,
323,IEI,iShares 3-7 Year Treasury Bond ETF,D,0,4,1,205,,,,113.7,False,False,
324,VGIT,Vanguard Intermediate-Term Treasury Index Fund ETF Shares,D,0,4,1,205,,,,56.89,False,False,
325,SCHR,Schwab Intermediate-Term U.S. Treasury ETF,D,0,4,1,240,,,,23.81,False,False,
326,FBND,Fidelity Total Bond ETF,D,0,4,1,205,,,,43.95,False,False,
327,BIV,Vanguard Intermediate-Term Bond Index Fund ETF Shares,D,0,4,1,205,,,,73.49,False,False,
328,VCIT,Vanguard Intermediate-Term Corporate Bond Index Fund ETF Shares,D,0,4,1,240,,,,79.14,False,False,
329,TLH,iShares 10-20 Year Treasury Bond ETF,D,0,4,1,177,,,,94.34,False,False,
330,VCLT,Vanguard Long-Term Corporate Bond Index Fund ETF Shares,D,0,4,1,177,,,,70.54,False,False,
331,FBT,First Trust NYSE Arca Biotechnology Index Fund,D,0,4,1,240,,,,269.22,False,False,
332,ARKW,ARK Next Generation Internet ETF,D,0,4,1,177,,,,163.91,False,False,
333,TUR,iShares MSCI Turkey ETF,D,0,4,1,240,,,,37.49,False,False,
334,ECH,iShares MSCI Chile ETF,D,0,4,1,240,,,,39.58,False,False,
335,SBIO,ALPS Medical Breakthroughs ETF,D,0,4,1,205,,,,59.85,False,False,
336,AIA,iShares Asia 50 ETF,D,0,4,1,240,,,,143.75,False,False,
337,EWP,iShares MSCI Spain ETF,D,0,4,1,205,,,,60.35,False,False,
338,BIL,State Street SPDR Bloomberg 1-3 Month T-Bill ETF,D,0,4,1,205,,,,91.59,False,False,
339,MBB,iShares MBS ETF,D,0,4,1,177,,,,90.53,False,False,
340,BND,Vanguard Total Bond Market Index Fund ETF Shares,D,0,4,1,177,,,,70.81,False,False,
341,URE,ProShares Ultra Real Estate,D,0,3,1,86,,,,61.86,True,False,
342,WANT,Direxion Daily Cnsmr Discret Bull 3XShrs,D,0,3,1,149,,,,34.4,True,False,
343,ROM,ProShares Ultra Technology,D,0,3,1,149,,,,158.78,True,False,
344,PXI,Invesco Dorsey Wright Energy Momentum ETF,D,0,3,0,177,,,,62.22,False,False,
345,UMDD,ProShares UltraPro MidCap400,D,0,3,1,177,,,,31.16,True,False,
346,FTXN,First Trust Nasdaq Oil & Gas ETF,D,0,3,1,149,,,,39.03,False,False,
347,SPUU,Direxion Daily S&P 500 Bull 2X Shares,D,0,3,1,205,,,,225.44,True,False,
348,PSCE,Invesco S&P SmallCap Energy ETF,D,0,3,1,149,,,,59.0,False,False,
349,RSPG,Invesco S&P 500 Equal Weight Energy ETF,D,0,3,1,177,,,,110.58,False,False,
350,MEXX,Direxion Daily MSCI Mexico Bull 3X Shares,D,0,3,1,149,,,,25.34,True,False,
351,UNL,"United States 12 Month Natural Gas Fund, LP",D,0,3,1,177,,,,5.86,False,False,
352,SYLD,Cambria Shareholder Yield ETF,D,0,3,1,149,,,,81.99,False,False,
353,RXL,ProShares Ultra Health Care,D,0,3,1,114,,,,59.01,True,False,
354,POWR,iShares U.S. Power Infrastructure ETF,D,0,3,1,149,,,,24.6,False,False,
355,UGE,ProShares Ultra Consumer Staples,D,0,3,1,149,,,,18.12,True,False,
356,IDGT,iShares U.S. Digital Infrastructure and Real Estate ETF,D,0,3,1,177,,,,116.46,False,False,
357,IXC,iShares Global Energy ETF,D,0,3,1,205,,,,57.84,False,False,
358,FTXO,First Trust Nasdaq Bank ETF,D,0,3,0,240,,,,39.44,False,False,
359,KCE,State Street SPDR S&P Capital Markets ETF,D,0,3,0,177,,,,157.15,False,False,
360,MLPA,Global X MLP ETF,D,0,3,1,177,,,,55.02,False,False,
361,ENFR,Alerian Energy Infrastructure ETF,D,0,3,1,205,,,,38.18,False,False,
362,IGE,iShares North American Natural Resources ETF,D,0,3,1,205,,,,63.35,False,False,
363,COMT,iShares GSCI Commodity Dynamic Roll Strategy ETF,D,0,3,1,149,,,,37.37,False,False,
364,RSPF,Invesco S&P 500 Equal Weight Financials ETF,D,0,3,1,177,,,,79.16,False,False,
365,SDCI,USCF SummerHaven Dynamic Commodity Strategy No K-1 Fund,D,0,3,1,149,,,,31.66,False,False,
366,FNCL,Fidelity MSCI Financials Index ETF,D,0,3,1,177,,,,77.32,False,False,
367,UXI,ProShares Ultra Industrials,D,0,3,1,205,,,,52.78,True,False,
368,RPV,Invesco S&P 500 Pure Value ETF,D,0,3,1,177,,,,116.91,False,False,
369,QABA,First Trust NASDAQ ABA Community Bank Index Fund,D,0,3,1,205,,,,65.29,False,False,
370,XTN,State Street SPDR S&P Transportation ETF,D,0,3,1,205,,,,99.81,False,False,
371,KSA,iShares MSCI Saudi Arabia ETF,D,0,3,1,177,,,,37.19,False,False,
372,PKB,Invesco Building & Construction ETF,D,0,3,1,177,,,,91.68,False,False,
373,REET,iShares Global REIT ETF,D,0,3,0,177,,,,26.14,False,False,
374,FIW,First Trust Water ETF,D,0,3,1,177,,,,105.64,False,False,
375,FNDX,Schwab Fundamental U.S. Large Company ETF,D,0,3,1,177,,,,31.9,False,False,
376,DIVB,iShares Core Dividend ETF,D,0,3,1,177,,,,66.03,False,False,
377,RSPM,Invesco S&P 500 Equal Weight Materials ETF,D,0,3,1,177,,,,38.61,False,False,
378,DJP,iPath Bloomberg Commodity Index Total Return(SM) ETN,D,0,3,1,205,,,,52.8,False,True,
379,PRF,Invesco RAFI US 1000 ETF,D,0,3,0,177,,,,55.18,False,False,
380,FNDA,Schwab Fundamental U.S. Small Company ETF,D,0,3,1,149,,,,35.52,False,False,
381,VLU,State Street SPDR S&P 1500 Value Tilt ETF,D,0,3,1,177,,,,242.03,False,False,
382,FXZ,First Trust Materials AlphaDEX Fund,D,0,3,1,205,,,,81.04,False,False,
383,DIV,Global X SuperDividend U.S. ETF,D,0,3,1,114,,,,19.08,False,False,
384,IYG,iShares U.S. Financial Services ETF,D,0,3,1,205,,,,91.97,False,False,
385,IFRA,iShares U.S. Infrastructure ETF,D,0,3,1,149,,,,55.92,False,False,
386,OEF,iShares S&P 100 ETF,D,0,3,1,177,,,,383.62,False,False,
387,VLUE,iShares MSCI USA Value Factor ETF,D,0,3,1,177,,,,201.1,False,False,
388,JQUA,JPMorgan U.S. Quality Factor ETF,D,0,3,1,149,,,,74.42,False,False,
389,VOE,Vanguard Morningstar Mid-Cap Value ETF,D,0,3,1,205,,,,199.97,False,False,
390,SPTM,State Street SPDR Portfolio S&P 1500 Composite Stock Market ETF,D,0,3,1,177,,,,92.81,False,False,
391,COM,Direxion Auspice Broad Commodity Strategy ETF,D,0,3,1,205,,,,35.34,False,False,
392,FTGC,First Trust Global Tactical Commodity Strategy Fund,D,0,3,1,177,,,,31.34,False,False,
393,IWS,iShares Russell Mid-Cap Value ETF,D,0,3,1,149,,,,163.54,False,False,
394,DRIV,Global X Autonomous & Electric Vehicles ETF,D,0,3,1,177,,,,33.71,False,False,
395,TAGS,Teucrium Agricultural Fund,D,0,3,1,149,,,,27.86,False,False,
396,EVX,VanEck Environmental Services ETF,D,0,3,1,177,,,,39.32,False,False,
397,IWL,iShares Russell Top 200 ETF,D,0,3,1,177,,,,191.27,False,False,
398,BBCA,JPMorgan BetaBuilders Canada ETF,D,0,3,1,177,,,,102.46,False,False,
399,FMAT,Fidelity MSCI Materials Index ETF,D,0,3,1,86,,,,57.46,False,False,
400,MGC,Vanguard Morningstar Mega Cap ETF,D,0,3,1,205,,,,284.57,False,False,
401,KNGZ,First Trust S&P 500 Diversified Dividend Aristocrats ETF,D,0,3,1,177,,,,41.44,False,False,
402,VV,Vanguard Morningstar Large-Cap ETF,D,0,3,1,205,,,,355.36,False,False,
403,CMDY,iShares Bloomberg Roll Select Commodity Strategy ETF,D,0,3,1,205,,,,64.91,False,False,
404,PSP,Invesco Global Listed Private Equity ETF,D,0,3,1,177,,,,57.53,False,False,
405,COMB,GraniteShares Bloomberg Commodity Broad Strategy No K-1 ETF,D,0,3,1,205,,,,28.53,False,False,
406,IAK,iShares U.S. Insurance ETF,D,0,3,1,177,,,,138.23,False,False,
407,GRPM,Invesco S&P MidCap 400 GARP ETF,D,0,3,1,205,,,,137.58,False,False,
408,ESGV,Vanguard ESG U.S. Stock ETF,D,0,3,0,240,,,,136.3,False,False,
409,VONE,Vanguard Russell 1000 Index Fund ETF Shares,D,0,3,1,205,,,,346.73,False,False,
410,BCI,abrdn Bloomberg All Commodity Strategy K-1 Free ETF,D,0,3,1,149,,,,26.45,False,False,
411,IYY,iShares Dow Jones U.S. ETF,D,0,3,1,177,,,,186.65,False,False,
412,CFA,VictoryShares US 500 Volatility Wtd ETF,D,0,3,1,177,,,,97.02,False,False,
413,MMTM,State Street SPDR S&P 1500 Momentum Tilt ETF,D,0,3,1,205,,,,307.96,False,False,
414,SPXT,ProShares S&P 500 ex-Technology ETF,D,0,3,1,205,,,,108.61,False,False,
415,PEY,Invesco High Yield Equity Dividend Achievers ETF,D,0,3,0,240,,,,23.19,False,False,
416,MGV,Vanguard Morningstar Mega Cap Value ETF,D,0,3,1,205,,,,164.35,False,False,
417,IOO,,D,0,3,1,205,,,,144.46,False,False,
418,GUNR,,D,0,3,1,177,,,,,False,False,
419,UFOX,Defiance Space and Connective Tech ETF,D,0,3,1,149,,,,85.83,False,False,
420,DLN,WisdomTree U.S. LargeCap Dividend Fund,D,0,3,1,205,,,,98.48,False,False,
421,PRN,Invesco Dorsey Wright Industrials Momentum ETF,D,0,3,1,177,,,,200.38,False,False,
422,IYM,iShares U.S. Basic Materials ETF,D,0,3,1,177,,,,183.74,False,False,
423,TMFC,Motley Fool 100 Index ETF,D,0,3,1,205,,,,80.34,False,False,
424,IXG,iShares Global Financials ETF,D,0,3,1,205,,,,129.07,False,False,
425,VONV,Vanguard Russell 1000 Value Index Fund ETF Shares,D,0,3,1,177,,,,110.24,False,False,
426,RTH,VanEck Retail ETF,D,0,3,1,177,,,,253.95,False,False,
427,SPYV,State Street SPDR Portfolio S&P 500 Value ETF,D,0,3,1,177,,,,62.12,False,False,
428,VOOV,Vanguard S&P 500 Value Index Fund ETF Shares,D,0,3,1,177,,,,223.98,False,False,
429,SPMD,State Street SPDR Portfolio S&P 400 Mid Cap ETF,D,0,3,0,240,,,,63.99,False,False,
430,QGRO,American Century U.S. Quality Growth ETF,D,0,3,1,86,,,,117.65,False,False,
431,DGRW,WisdomTree U.S. Quality Dividend Growth Fund,D,0,3,1,149,,,,98.3,False,False,
432,SDOG,ALPS Sector Dividend Dogs ETF,D,0,3,1,205,,,,69.79,False,False,
433,FDIS,Fidelity MSCI Consumer Discretionary Index ETF,D,0,3,1,149,,,,96.48,False,False,
434,GNR,State Street SPDR S&P Global Natural Resources ETF,D,0,3,1,177,,,,76.51,False,False,
435,ILCG,iShares Morningstar Growth ETF,D,0,3,1,149,,,,117.28,False,False,
436,SNSR,Global X Internet of Things ETF,D,0,3,1,149,,,,49.2,False,False,
437,IYH,iShares U.S. Healthcare ETF,D,0,3,1,205,,,,71.54,False,False,
438,IJT,iShares S&P Small-Cap 600 Growth ETF,D,0,3,1,205,,,,162.61,False,False,
439,EWN,iShares MSCI Netherlands ETF,D,0,3,1,205,,,,67.27,False,False,
440,PICK,iShares MSCI Global Metals & Mining Producers ETF,D,0,3,1,205,,,,61.33,False,False,
441,DJD,Invesco Dow Jones Industrial Average Dividend ETF,D,0,3,1,177,,,,63.72,False,False,
442,HIPS,GraniteShares HIPS US High Income ETF,D,0,3,1,205,,,,11.2,False,False,
443,VEGI,iShares MSCI Agriculture Producers ETF,D,0,3,1,177,,,,47.26,False,False,
444,EWD,iShares MSCI Sweden ETF,D,0,3,1,177,,,,51.32,False,False,
445,KNCT,Invesco Next Gen Connectivity E,D,0,3,1,114,,,,207.31,False,False,
446,XTL,State Street SPDR S&P Telecom ETF,D,0,3,1,205,,,,205.57,False,False,
447,WTPI,WisdomTree Equity Premium Income Fund,D,0,3,1,149,,,,33.23,False,False,
448,FIDU,Fidelity MSCI Industrials Index ETF,D,0,3,1,149,,,,90.38,False,False,
449,UTES,Virtus Reaves Utilities ETF,D,0,3,1,177,,,,70.37,False,False,
450,VOT,Vanguard Morningstar Mid-Cap Growth ETF,D,0,3,1,177,,,,296.49,False,False,
451,FHLC,Fidelity MSCI Health Care Index ETF,D,0,3,1,177,,,,81.75,False,False,
452,REGL,ProShares S&P MidCap 400 Dividend Aristocrats ETF,D,0,3,1,205,,,,88.53,False,False,
453,SPGM,State Street SPDR Portfolio MSCI Global Stock Market ETF,D,0,3,1,205,,,,87.26,False,False,
454,PEZ,Invesco Dorsey Wright Consumer Cyclicals Momentum ETF,D,0,3,0,177,,,,92.98,False,False,
455,XYLD,Global X S&P 500 Covered Call ETF,D,0,3,1,149,,,,41.55,False,False,
456,SCHM,Schwab U.S. Mid-Cap ETF,D,0,3,1,205,,,,34.66,False,False,
457,INDY,iShares India 50 ETF,D,0,3,1,177,,,,42.06,False,False,
458,VFMO,Vanguard U.S. Momentum Factor ETF ETF Shares,D,0,3,1,114,,,,227.59,False,False,
459,IJK,iShares S&P Mid-Cap 400 Growth ETF,D,0,3,1,177,,,,110.69,False,False,
460,LVHI,Franklin International Low Volatility High Dividend Index ETF,D,0,3,1,149,,,,42.14,False,False,
461,XSHD,Invesco S&P SmallCap High Dividend Low Volatility ETF,D,0,3,1,149,,,,13.28,False,False,
462,NORW,Global X MSCI Norway ETF,D,0,3,1,177,,,,36.49,False,False,
463,PTF,Invesco Dorsey Wright Technology Momentum ETF,D,0,3,1,177,,,,108.19,False,False,
464,ASHS,Xtrackers Harvest CSI 500 China A-Shares Small Cap ETF,D,0,3,1,177,,,,42.24,False,False,
465,FTAG,First Trust Indxx Global Agriculture ETF,D,0,3,1,149,,,,30.05,False,False,
466,DUSA,Davis Select U.S. Equity ETF,D,0,3,1,177,,,,55.57,False,False,
467,EXI,iShares Global Industrials ETF,D,0,3,1,177,,,,193.09,False,False,
468,FSTA,Fidelity MSCI Consumer Staples Index ETF,D,0,3,1,177,,,,52.01,False,False,
469,FUTY,Fidelity MSCI Utilities Index ETF,D,0,3,1,177,,,,51.46,False,False,
470,FIDI,Fidelity International High Dividend ETF,D,0,3,1,149,,,,28.28,False,False,
471,IYK,iShares US Consumer Staples ETF,D,0,3,1,149,,,,72.16,False,False,
472,RSPU,Invesco S&P 500 Equal Weight Utilities ETF,D,0,3,1,177,,,,70.48,False,False,
473,IYJ,iShares U.S. Industrials ETF,D,0,3,1,205,,,,156.16,False,False,
474,XMMO,Invesco S&P MidCap Momentum ETF,D,0,3,1,177,,,,147.09,False,False,
475,IDU,iShares U.S. Utilities ETF,D,0,3,1,177,,,,101.71,False,False,
476,WOOD,iShares Global Timber & Forestry ETF,D,0,3,1,149,,,,70.57,False,False,
477,IEV,iShares Europe ETF,D,0,3,1,177,,,,72.04,False,False,
478,XT,iShares Future Exponential Technologies ETF,D,0,3,1,205,,,,83.82,False,False,
479,SPEU,State Street SPDR Portfolio Europe ETF,D,0,3,1,177,,,,54.49,False,False,
480,IEUR,iShares Core MSCI Europe ETF,D,0,3,1,177,,,,74.83,False,False,
481,FIVA,Fidelity International Value Factor ETF,D,0,3,1,240,,,,38.74,False,False,
482,DGS,WisdomTree Emerging Markets SmallCap Dividend Fund,D,0,3,1,177,,,,63.66,False,False,
483,PCEF,Invesco CEF Income Composite ETF,D,0,3,1,177,,,,19.51,False,False,
484,FNDF,Schwab Fundamental International Equity ETF,D,0,3,1,177,,,,54.53,False,False,
485,PJP,Invesco Pharmaceuticals ETF,D,0,3,1,149,,,,125.46,False,False,
486,FNDE,Schwab Fundamental Emerging Markets Equity ETF,D,0,3,1,149,,,,42.29,False,False,
487,ACWV,iShares MSCI Global Min Vol Factor ETF,D,0,3,1,205,,,,124.45,False,False,
488,FCOM,Fidelity MSCI Communication Services Index ETF,D,0,3,1,177,,,,72.86,False,False,
489,EWI,iShares MSCI Italy ETF,D,0,3,1,177,,,,59.98,False,False,
490,CSD,Invesco S&P Spin-Off ETF,D,0,3,1,114,,,,129.65,False,False,
491,GSIE,Goldman Sachs ActiveBeta International Equity ETF,D,0,3,1,205,,,,46.66,False,False,
492,SCHC,Schwab International Small-Cap Equity ETF,D,0,3,1,177,,,,50.17,False,False,
493,XES,State Street SPDR S&P Oil & Gas Equipment & Services ETF,D,0,3,1,177,,,,113.02,False,False,
494,IDV,iShares International Select Dividend ETF,D,0,3,1,205,,,,43.02,False,False,
495,IYZ,iShares U.S. Telecommunications ETF,D,0,3,1,149,,,,41.34,False,False,
496,PFXF,VanEck Preferred Securities ex Financials ETF,D,0,3,1,114,,,,17.72,False,False,
497,PXJ,Invesco Oil & Gas Services ETF,D,0,3,1,177,,,,44.74,False,False,
498,SPDW,State Street SPDR Portfolio Developed World ex-US ETF,D,0,3,1,149,,,,50.75,False,False,
499,IGF,iShares Global Infrastructure ETF,D,0,3,1,205,,,,62.37,False,False,
500,DVYE,iShares Emerging Markets Dividend ETF,D,0,3,1,149,,,,34.36,False,False,
501,EDIV,State Street SPDR S&P Emerging Markets Dividend ETF,D,0,3,1,114,,,,40.68,False,False,
502,EFV,iShares MSCI EAFE Value ETF,D,0,3,1,177,,,,80.12,False,False,
503,ROBT,First Trust Nasdaq Artificial Intelligence and Robotics ETF,D,0,3,1,149,,,,59.56,False,False,
504,UBOT,"Direxion Daily Robotics, Artificial Intelligence & Automation Index Bull 2X Shar",D,0,3,1,149,,,,21.8,True,False,
505,PRNT,The 3D Printing ETF,D,0,3,1,149,,,,24.98,False,False,
506,HNDL,Strategy Shares Nasdaq 7 Handl Index ETF,D,0,3,1,149,,,,21.88,False,False,
507,WTMF,WisdomTree Managed Futures Strategy Fund,D,0,3,1,149,,,,42.26,False,False,
508,SCHP,Schwab U.S. TIPS ETF,D,0,3,1,177,,,,25.33,False,False,
509,GREK,Global X MSCI Greece ETF,D,0,3,1,177,,,,82.99,False,False,
510,EPP,iShares MSCI Pacific ex Japan ETF,D,0,3,1,205,,,,55.27,False,False,
511,JNK,State Street SPDR Bloomberg High Yield Bond ETF,D,0,3,1,177,,,,93.97,False,False,
512,AFK,VanEck Africa Index ETF,D,0,3,1,177,,,,28.66,False,False,
513,FPX,First Trust US Equity Opportunities ETF,D,0,3,1,177,,,,180.25,False,False,
514,AGNG,Global X Aging Population ETF,D,0,3,1,205,,,,36.89,False,False,
515,SDIV,Global X SuperDividend ETF,D,0,3,1,177,,,,23.85,False,False,
516,PGX,Invesco Preferred ETF,D,0,3,1,177,,,,10.3,False,False,
517,CNYA,iShares MSCI China A ETF,D,0,3,1,177,,,,34.98,False,False,
518,KBA,KraneShares Bosera MSCI China A 50 Connect Index ETF,D,0,3,1,177,,,,32.15,False,False,
519,TTT,ProShares UltraPro Short 20+ Year Treasury,D,0,3,1,205,,,,80.33,True,False,
520,PGF,Invesco Financial Preferred ETF,D,0,3,1,177,,,,13.0,False,False,
521,MLN,VanEck Long Muni ETF,D,0,3,1,114,,,,16.54,False,False,
522,SPEM,State Street SPDR Portfolio Emerging Markets ETF,D,0,3,1,177,,,,52.5,False,False,
523,BBJP,JPMorgan BetaBuilders Japan ETF,D,0,3,1,205,,,,78.25,False,False,
524,FLJP,Franklin FTSE Japan ETF,D,0,3,1,149,,,,41.26,False,False,
525,FLTR,VanEck IG Floating Rate ETF,D,0,3,1,177,,,,25.59,False,False,
526,SPSB,State Street SPDR Portfolio Short Term Corporate Bond ETF,D,0,3,1,149,,,,29.62,False,False,
527,VCSH,Vanguard Short-Term Corporate Bond Index Fund ETF Shares,D,0,3,1,149,,,,77.42,False,False,
528,IGSB,iShares 1-5 Year Investment Grade Corporate Bond ETF,D,0,3,1,177,,,,51.33,False,False,
529,HYEM,VanEck Emerging Markets High Yield Bond ETF,D,0,3,1,114,,,,19.68,False,False,
530,IGLB,iShares 10+ Year Investment Grade Corporate Bond ETF,D,0,3,1,205,,,,46.99,False,False,
531,FLBR,Franklin FTSE Brazil ETF,D,0,3,1,149,,,,23.39,False,False,
532,QMOM,Alpha Architect U.S. Quantitative Momentum ETF,D,0,3,1,114,,,,72.75,False,False,
533,EPU,iShares MSCI Peru ETF,D,0,3,1,114,,,,91.57,False,False,
534,BBC,Virtus LifeSci Biotech Clinical Trials ETF,D,0,3,1,205,,,,46.65,False,False,
535,SHV,iShares 0–1 Year Treasury Bond ETF,D,0,3,1,149,,,,110.22,False,False,
536,UYM,ProShares Ultra Materials,D,0,2,1,58,,,,28.62,True,False,
537,RWJ,Invesco S&P SmallCap 600 Revenue ETF,D,0,2,1,114,,,,57.51,False,False,
538,FXN,First Trust Energy AlphaDEX Fund,D,0,2,0,177,,,,22.72,False,False,
539,RSPR,Invesco S&P 500 Equal Weight Real Estate ETF,D,0,2,1,86,,,,34.0,False,False,
540,MVV,ProShares Ultra MidCap400,D,0,2,1,114,,,,81.66,True,False,
541,UAE,iShares MSCI UAE ETF,D,0,2,1,114,,,,20.13,False,False,
542,ICF,iShares Select U.S. REIT ETF,D,0,2,0,149,,,,64.07,False,False,
543,USRT,iShares Core U.S. REIT ETF,D,0,2,0,149,,,,62.52,False,False,
544,FRI,First Trust S&P REIT Index Fund,D,0,2,1,86,,,,30.16,False,False,
545,ATMP,Barclays ETN+ Select MLP ETN,D,0,2,1,114,,,,35.46,False,True,
546,LTL,ProShares Ultra Communication Services,D,0,2,1,58,,,,24.59,True,False,
547,VFVA,Vanguard U.S. Value Factor ETF Shares,D,0,2,0,177,,,,153.87,False,False,
548,ONEY,State Street SPDR Russell 1000 Yield Focus ETF,D,0,2,0,149,,,,125.77,False,False,
549,FDIQ,Invesco Bloomberg Financial Data Providers ETF,D,0,2,0,177,,,,70.46,False,False,
550,NANR,State Street SPDR S&P North American Natural Resources ETF,D,0,2,0,177,,,,86.83,False,False,
551,SPGP,Invesco S&P 500 GARP ETF,D,0,2,0,177,,,,119.8,False,False,
552,RWK,Invesco S&P MidCap 400 Revenue ETF,D,0,2,1,114,,,,141.53,False,False,
553,PYZ,Invesco Dorsey Wright Basic Materials Momentum ETF,D,0,2,0,177,,,,116.83,False,False,
554,UPW,ProShares Ultra Utilities,D,0,2,0,149,,,,18.24,True,False,
555,BCD,abrdn Bloomberg All Commodity Longer Dated Strategy K-1 Free ETF,D,0,2,0,177,,,,39.16,False,False,
556,FQAL,Fidelity Quality Factor ETF,D,0,2,0,149,,,,83.72,False,False,
557,JVAL,JPMorgan U.S. Value Factor ETF,D,0,2,0,149,,,,58.71,False,False,
558,CGW,Invesco S&P Global Water Index ETF,D,0,2,0,177,,,,62.9,False,False,
559,DSI,iShares ESG MSCI KLD 400 ETF,D,0,2,0,149,,,,146.47,False,False,
560,RDVY,First Trust Rising Dividend Achievers ETF,D,0,2,1,114,,,,78.94,False,False,
561,EZM,WisdomTree U.S. MidCap Earnings Fund,D,0,2,0,86,,,,73.13,False,False,
562,SLYV,State Street SPDR S&P 600 Small Cap Value ETF,D,0,2,0,177,,,,103.93,False,False,
563,BFOR,Barron's 400 ETF,D,0,2,0,149,,,,23.1,False,False,
564,IJJ,iShares S&P Mid-Cap 400 Value ETF,D,0,2,1,86,,,,140.63,False,False,
565,VFMF,Vanguard U.S. Multifactor ETF Shares,D,0,2,1,114,,,,180.98,False,False,
566,FYT,First Trust Small Cap Value AlphaDEX Fund,D,0,2,0,149,,,,68.4,False,False,
567,RPG,Invesco S&P 500 Pure Growth ETF,D,0,2,1,114,,,,58.51,False,False,
568,EQL,ALPS Equal Sector Weight ETF,D,0,2,1,114,,,,50.81,False,False,
569,SDVY,First Trust SMID Cap Rising Dividend Achievers ETF,D,0,2,1,114,,,,41.36,False,False,
570,OMFL,Invesco Russell 1000 Dynamic Multifactor ETF,D,0,2,0,149,,,,69.98,False,False,
571,PWV,Invesco Large Cap Value ETF,D,0,2,0,149,,,,77.8,False,False,
572,CATH,Global X S&P 500 Catholic Values ETF,D,0,2,1,86,,,,91.16,False,False,
573,RSPD,Invesco S&P 500 Equal Weight Consumer Discretionary ETF,D,0,2,0,149,,,,52.22,False,False,
574,QDIV,Global X S&P 500 Quality Dividend ETF,D,0,2,1,205,,,,39.0,False,False,
575,PRFZ,Invesco RAFI US 1500 Small-Mid ETF,D,0,2,1,86,,,,52.76,False,False,
576,SPYX,State Street SPDR S&P 500 Fossil Fuel Reserves Free ETF,D,0,2,1,114,,,,62.93,False,False,
577,LGLV,State Street SPDR US Large Cap Low Volatility Index ETF,D,0,2,0,177,,,,177.32,False,False,
578,FYX,First Trust Small Cap Core AlphaDEX Fund,D,0,2,0,149,,,,136.73,False,False,
579,PEX,ProShares Global Listed Private Equity ETF,D,0,2,1,114,,,,22.81,False,False,
580,GSLC,Goldman Sachs ActiveBeta U.S. Large Cap Equity ETF,D,0,2,1,114,,,,146.37,False,False,
581,BBUS,JPMorgan BetaBuilders U.S. Equity ETF,D,0,2,0,149,,,,138.51,False,False,
582,QTEC,First Trust NASDAQ-100-Technology Sector Index Fund,D,0,2,1,114,,,,330.19,False,False,
583,ESGU,iShares ESG Aware MSCI USA ETF,D,0,2,1,114,,,,168.0,False,False,
584,DES,WisdomTree U.S. SmallCap Dividend Fund,D,0,2,1,114,,,,38.56,False,False,
585,FLQL,Franklin U.S. Large Cap Multifactor Index ETF,D,0,2,0,149,,,,78.67,False,False,
586,LVHD,Franklin U.S. Low Volatility High Dividend Index ETF,D,0,2,1,114,,,,42.07,False,False,
587,PSCT,Invesco S&P SmallCap Information Technology ETF,D,0,2,0,177,,,,81.01,False,False,
588,NFTY,First Trust India NIFTY 50 Equal Weight ETF,D,0,2,0,149,,,,52.65,False,False,
589,FTRI,First Trust Indxx Global Natural Resources Income ETF,D,0,2,1,58,,,,17.59,False,False,
590,PIO,Invesco Global Water ETF,D,0,2,1,86,,,,43.17,False,False,
591,GSEW,Goldman Sachs Equal Weight U.S. Large Cap Equity ETF,D,0,2,1,149,,,,94.92,False,False,
592,IUSV,iShares Core S&P U.S. Value ETF,D,0,2,0,177,,,,112.07,False,False,
593,SIZE,iShares MSCI USA Size Factor ETF,D,0,2,1,177,,,,175.58,False,False,
594,DYNF,iShares U.S. Equity Factor Rotation Active ETF,D,0,2,1,114,,,,69.69,False,False,
595,IVOO,Vanguard S&P Mid-Cap 400 Index Fund ETF Shares,D,0,2,1,114,,,,123.63,False,False,
596,JHMM,John Hancock Multifactor Mid Cap ETF,D,0,2,1,58,,,,72.55,False,False,
597,FTC,First Trust Large Cap Growth AlphaDEX Fund,D,0,2,1,114,,,,178.04,False,False,
598,AIVL,WisdomTree U.S. Al Enhanced Value Fund,D,0,2,0,149,,,,129.95,False,False,
599,IMVP,Invesco India ETF,D,0,2,0,177,,,,19.27,False,False,
600,HEZU,iShares Currency Hedged MSCI Eu,D,0,2,0,149,,,,48.67,False,False,
601,PFM,Invesco Dividend Achievers ETF,D,0,2,0,177,,,,55.53,False,False,
602,DHS,WisdomTree U.S. High Dividend Fund,D,0,2,0,177,,,,114.1,False,False,
603,PEJ,Invesco Dynamic Leisure and Entertainment ETF,D,0,2,1,86,,,,61.49,False,False,
604,VIOG,Vanguard S&P Small-Cap 600 Growth Index Fund ETF Shares,D,0,2,1,114,,,,140.08,False,False,
605,FDMO,Fidelity Momentum Factor ETF,D,0,2,0,149,,,,95.55,False,False,
606,SRVR,Pacer Data & Infrastructure Real Estate ETF,D,0,2,0,177,,,,29.52,False,False,
607,NXTG,First Trust IndXX NextG ETF,D,0,2,0,177,,,,156.47,False,False,
608,FYC,First Trust Small Cap Growth AlphaDEX Fund,D,0,2,1,114,,,,116.49,False,False,
609,FV,First Trust Dorsey Wright Focus 5 ETF,D,0,2,0,86,,,,73.91,False,False,
610,OUSM,ALPS O'Shares U.S. Small-Cap Quality Dividend ETF Shares,D,0,2,1,114,,,,46.86,False,False,
611,RAAX,VanEck Real Assets ETF,D,0,2,1,114,,,,40.77,False,False,
612,RZG,Invesco S&P SmallCap 600 Pure Growth ETF,D,0,2,0,149,,,,63.56,False,False,
613,FLMX,Franklin FTSE Mexico ETF,D,0,2,1,58,,,,35.63,False,False,
614,KBWP,Invesco KBW Property & Casualty Insurance ETF,D,0,2,1,114,,,,124.22,False,False,
615,DWAS,Invesco DWA SmallCap Momentum ETF,D,0,2,0,177,,,,109.02,False,False,
616,IYC,iShares US Consumer Discretionary ETF,D,0,2,1,58,,,,96.25,False,False,
617,IXJ,iShares Global Healthcare ETF,D,0,2,1,86,,,,102.77,False,False,
618,USPX,Franklin U.S. Equity Index ETF,D,0,2,0,149,,,,67.17,False,False,
619,XSMO,Invesco S&P SmallCap Momentum ETF,D,0,2,1,114,,,,82.1,False,False,
620,DBEF,Xtrackers MSCI EAFE Hedged Equity ETF,D,0,2,0,149,,,,55.16,False,False,
621,SMDV,ProShares Russell 2000 Dividend Growers ETF,D,0,2,0,149,,,,73.1,False,False,
622,MDYG,State Street SPDR S&P 400 Mid Cap Growth ETF,D,0,2,0,177,,,,105.58,False,False,
623,FXL,First Trust Technology AlphaDEX Fund,D,0,2,1,86,,,,222.33,False,False,
624,PSCM,Invesco S&P SmallCap Materials ETF,D,0,2,0,177,,,,96.07,False,False,
625,DFE,WisdomTree Europe SmallCap Dividend Fund,D,0,2,0,149,,,,75.63,False,False,
626,QQEW,First Trust Nasdaq-100 Select Equal Weight ETF,D,0,2,1,114,,,,163.7,False,False,
627,DIVI,Franklin International Core Dividend Tilt Index ETF,D,0,2,0,177,,,,43.04,False,False,
628,RINF,ProShares Inflation Expectations ETF,D,0,2,0,149,,,,32.43,False,False,
629,DNL,WisdomTree Global ex-U.S. Quality Growth Fund,D,0,2,1,114,,,,44.71,False,False,
630,AOA,iShares Core 80/20 Aggressive Allocation ETF,D,0,2,0,177,,,,98.13,False,False,
631,IMCG,iShares Morningstar Mid-Cap Growth ETF,D,0,2,0,149,,,,94.9,False,False,
632,IVLU,iShares Edge MSCI Intl Value Factor ETF,D,0,2,0,177,,,,43.48,False,False,
633,FXH,First Trust Health Care AlphaDEX Fund,D,0,2,1,86,,,,130.7,False,False,
634,EELV,Invesco S&P Emerging Markets Low Volatility ETF,D,0,2,1,86,,,,28.26,False,False,
635,WDIV,State Street SPDR S&P Global Dividend ETF,D,0,2,1,205,,,,82.36,False,False,
636,PTNQ,Pacer Trendpilot 100 ETF,D,0,2,1,177,,,,89.5,False,False,
637,RBLD,First Trust Alerian U.S. NextGen Infrastructure ETF,D,0,2,1,114,,,,84.08,False,False,
638,PIE,Invesco Dorsey Wright Emerging Markets Momentum ETF,D,0,2,1,114,,,,33.85,False,False,
639,FID,First Trust S&P International Dividend Aristocrats ETF,D,0,2,1,58,,,,22.67,False,False,
640,EWK,iShares MSCI Belgium ETF,D,0,2,1,58,,,,26.42,False,False,
641,VSS,Vanguard FTSE All-World ex-US Small-Cap Index Fund ETF Shares,D,0,2,0,149,,,,157.03,False,False,
642,FLJH,Franklin FTSE Japan Hedged ETF,D,0,2,0,149,,,,46.27,False,False,
643,IXP,iShares Global Comm Services ETF,D,0,2,1,114,,,,120.07,False,False,
644,GVIP,Goldman Sachs Hedge Industry VIP ETF,D,0,2,0,177,,,,171.72,False,False,
645,QQXT,First Trust NASDAQ-100 Ex-Technology Sector Index Fund,D,0,2,0,177,,,,97.08,False,False,
646,GII,State Street SPDR S&P Global Infrastructure ETF,D,0,2,1,114,,,,70.91,False,False,
647,AOR,iShares Core 60/40 Balanced Allocation ETF,D,0,2,0,177,,,,69.15,False,False,
648,EFG,iShares MSCI EAFE Growth ETF,D,0,2,0,149,,,,120.45,False,False,
649,PAWZ,ProShares Pet Care ETF,D,0,2,1,86,,,,47.6,False,False,
650,JXI,iShares Global Utilities ETF,D,0,2,1,114,,,,77.61,False,False,
651,FDT,First Trust Developed Markets Ex-US AlphaDEX Fund,D,0,2,1,114,,,,95.35,False,False,
652,SWAN,Amplify BlackSwan Growth & Treasury Core ETF,D,0,2,1,114,,,,32.54,False,False,
653,XHS,State Street SPDR S&P Health Care Services ETF,D,0,2,0,177,,,,133.81,False,False,
654,IDLV,Invesco S&P International Developed Low Volatility ETF,D,0,2,1,58,,,,34.68,False,False,
655,GWX,State Street SPDR S&P International Small Cap ETF,D,0,2,0,177,,,,45.92,False,False,
656,RWX,State Street SPDR Dow Jones International Real Estate ETF,D,0,2,0,205,,,,25.85,False,False,
657,DTH,WisdomTree International High Dividend Fund,D,0,2,0,149,,,,57.13,False,False,
658,ANGL,VanEck Fallen Angel High Yield Bond ETF,D,0,2,1,114,,,,28.31,False,False,
659,EFAV,iShares MSCI EAFE Min Vol Factor ETF,D,0,2,0,86,,,,92.4,False,False,
660,BZQ,ProShares UltraShort MSCI Brazil Capped,D,0,2,0,149,,,,18.98,True,False,
661,FALN,iShares Fallen Angels USD Bond ETF,D,0,2,1,86,,,,26.36,False,False,
662,PSCH,Invesco S&P SmallCap Health Care ETF,D,0,2,0,149,,,,52.59,False,False,
663,STIP,iShares 0-5 Year TIPS Bond ETF,D,0,2,0,149,,,,99.74,False,False,
664,USDU,WisdomTree Bloomberg U.S. Dollar Bullish Fund,D,0,2,1,114,,,,26.76,False,False,
665,XHE,State Street SPDR S&P Health Care Equipment ETF,D,0,2,0,149,,,,91.25,False,False,
666,ECNS,iShares MSCI China Small-Cap ETF,D,0,2,0,177,,,,27.81,False,False,
667,IPAC,iShares Core MSCI Pacific ETF,D,0,2,1,58,,,,85.0,False,False,
668,VTWG,Vanguard Russell 2000 Growth Index Fund ETF Shares,D,0,2,1,86,,,,263.24,False,False,
669,SDEM,Global X MSCI SuperDividend Emerging Markets ETF,D,0,2,0,149,,,,33.16,False,False,
670,PWZ,Invesco California AMT-Free Municipal Bond ETF,D,0,2,1,58,,,,22.69,False,False,
671,PSK,State Street SPDR ICE Preferred Securities ETF,D,0,2,1,114,,,,28.88,False,False,
672,PBE,Invesco Biotechnology & Genome ETF,D,0,2,0,177,,,,96.27,False,False,
673,FSMB,First Trust Short Duration Managed Municipal ETF,D,0,2,1,58,,,,19.6,False,False,
674,JMST,JPMorgan Ultra-Short Municipal Income ETF,D,0,2,1,86,,,,50.69,True,False,
675,PULS,PGIM Ultra Short Bond ETF,D,0,2,1,58,,,,49.62,True,False,
676,GSY,Invesco Ultra Short Duration ETF,D,0,2,1,58,,,,49.9,True,False,
677,NEAR,iShares Short Duration Bond Active ETF,D,0,2,1,58,,,,49.98,False,False,
678,VMBS,Vanguard Mortgage-Backed Securities Index Fund ETF Shares,D,0,2,0,149,,,,44.9,False,False,
679,ICVT,iShares Convertible Bond ETF,D,0,2,0,149,,,,114.21,False,False,
680,FCA,First Trust China AlphaDEX Fund,D,0,2,0,177,,,,26.86,False,False,
681,BBP,Virtus LifeSci Biotech Products ETF,D,0,2,1,114,,,,104.63,False,False,
682,PTH,Invesco Dorsey Wright Healthcare Momentum ETF,D,0,2,1,86,,,,60.59,False,False,
683,FDEM,Fidelity Emerging Markets Multifactor ETF,D,0,2,0,177,,,,36.04,False,False,
684,XSVM,Invesco S&P SmallCap Value with Momentum ETF,D,0,1,0,149,,,,66.22,False,False,
685,INDS,Pacer Benchmark Industrial Real Estate SCTR ETF,D,0,1,0,205,,,,38.17,False,False,
686,SAA,ProShares Ultra SmallCap600,D,0,1,0,86,,,,32.54,True,False,
687,RZV,Invesco S&P SmallCap 600 Pure Value ETF,D,0,1,0,86,,,,141.13,False,False,
688,FREL,Fidelity MSCI Real Estate Index ETF,D,0,1,1,23,,,,27.75,False,False,
689,EINC,VanEck Energy Income ETF,D,0,1,1,23,,,,116.55,False,False,
690,FXO,First Trust Financials AlphaDEX Fund,D,0,1,0,149,,,,62.37,False,False,
691,PSCD,Invesco S&P SmallCap Consumer Discretionary ETF,D,0,1,0,86,,,,107.77,False,False,
692,USAI,Pacer American Energy Infrastructure ETF,D,0,1,0,149,,,,45.26,False,False,
693,DEEP,Acquirers Small and Micro Deep Value ETF,D,0,1,0,114,,,,41.58,False,False,
694,TPYP,Tortoise North American Pipeline Fund,D,0,1,0,86,,,,41.57,False,False,
695,EES,WisdomTree U.S. SmallCap Earnings Fund,D,0,1,0,86,,,,65.54,False,False,
696,MAGA,Truth Social America First ETF,D,0,1,1,23,,,,54.63,False,False,
697,CDL,VictoryShares US Large Cap High Div Volatility Wtd ETF,D,0,1,0,114,,,,75.89,False,False,
698,CDC,VictoryShares US EQ Income Enhanced Volatility Wtd ETF,D,0,1,1,23,,,,72.73,False,False,
699,CSM,ProShares Large Cap Core Plus,D,0,1,0,86,,,,87.52,False,False,
700,UPV,ProShares Ultra FTSE Europe,D,0,1,1,23,,,,95.84,True,False,
701,DFNL,Davis Select Financial ETF,D,0,1,1,23,,,,48.82,False,False,
702,FAB,First Trust Multi Cap Value AlphaDEX Fund,D,0,1,0,114,,,,101.24,False,False,
703,SUSA,iShares ESG Optimized MSCI USA ETF,D,0,1,0,58,,,,156.78,False,False,
704,WTV,WisdomTree U.S. Value Fund,D,0,1,0,58,,,,104.83,False,False,
705,DON,WisdomTree U.S. MidCap Dividend Fund,D,0,1,0,86,,,,55.15,False,False,
706,DVOL,First Trust Dorsey Wright Momentum & Low Volatility ETF,D,0,1,1,23,,,,35.51,False,False,
707,TBLU,Tortoise Global Water Fund,D,0,1,1,23,,,,49.42,False,False,
708,FTA,First Trust Large Cap Value AlphaDEX Fund,D,0,1,0,149,,,,97.63,False,False,
709,GLIN,VanEck India Growth Leaders ETF,D,0,1,1,23,,,,44.28,False,False,
710,RDIV,Invesco S&P Ultra Dividend Revenue ETF,D,0,1,0,58,,,,58.48,True,False,
711,PSCC,Invesco S&P SmallCap Consumer Staples ETF,D,0,1,0,86,,,,33.88,False,False,
712,PSCF,Invesco S&P SmallCap Financials ETF,D,0,1,0,86,,,,61.67,False,False,
713,VFQY,Vanguard U.S. Quality Factor ETF Shares,D,0,1,1,23,,,,171.92,False,False,
714,SMLV,State Street SPDR US Small Cap Low Volatility Index ETF,D,0,1,1,23,,,,151.76,False,False,
715,SPXE,ProShares S&P 500 ex-Energy ETF,D,0,1,0,114,,,,82.54,False,False,
716,BIBL,Inspire 100 ETF,D,0,1,1,23,,,,54.59,False,False,
717,CSB,VictoryShares US Small Cap High Div Volatility Wtd ETF,D,0,1,0,149,,,,62.39,False,False,
718,VALQ,American Century U.S. Quality Value ETF,D,0,1,0,114,,,,70.53,False,False,
719,NETL,Colterpoint Net Lease Real Estate ETF,D,0,1,1,23,,,,24.43,False,False,
720,FTCS,First Trust Capital Strength ETF,D,0,1,0,58,,,,95.64,False,False,
721,SMLF,iShares U.S. Small-Cap Equity Factor ETF,D,0,1,0,86,,,,84.7,False,False,
722,USMC,Principal U.S. Mega-Cap ETF,D,0,1,1,23,,,,76.93,False,False,
723,DTD,WisdomTree U.S. Total Dividend Fund,D,0,1,0,58,,,,94.62,False,False,
724,RSPN,Invesco S&P 500 Equal Weight Industrials ETF,D,0,1,0,86,,,,59.12,False,False,
725,FSMD,Fidelity Small-Mid Multifactor ETF,D,0,1,0,58,,,,49.72,False,False,
726,FDRR,Fidelity Dividend ETF for Rising Rates,D,0,1,1,23,,,,68.82,False,False,
727,PSCI,Invesco S&P SmallCap Industrials ETF,D,0,1,0,86,,,,163.69,False,False,
728,EUSA,iShares MSCI USA Equal Weighted ETF,D,0,1,0,58,,,,113.33,False,False,
729,HAP,VanEck Natural Resources ETF,D,0,1,0,86,,,,75.16,False,False,
730,FNX,First Trust Mid Cap Core AlphaDEX Fund,D,0,1,1,23,,,,137.93,False,False,
731,FVD,First Trust Value Line Dividend Index Fund,D,0,1,0,149,,,,47.97,False,False,
732,LRGF,iShares U.S. Equity Factor ETF,D,0,1,0,58,,,,78.33,False,False,
733,FDL,First Trust Morningstar Dividend Leaders Index Fund,D,0,1,0,86,,,,50.4,False,False,
734,PID,Invesco International Dividend Achievers ETF,D,0,1,0,86,,,,21.65,False,False,
735,FTXR,First Trust Nasdaq Transportation ETF,D,0,1,0,58,,,,42.07,False,False,
736,ILCB,iShares Morningstar U.S. Equity ETF,D,0,1,1,23,,,,106.43,False,False,
737,FDLO,Fidelity Low Volatility Factor ETF,D,0,1,0,58,,,,71.19,False,False,
738,ALTY,Global X Alternative Income ETF,D,0,1,0,58,,,,11.98,False,False,
739,DBEU,Xtrackers MSCI Europe Hedged Equity ETF,D,0,1,0,114,,,,53.82,False,False,
740,DGRS,WisdomTree U.S. SmallCap Quality Dividend Growth Fund,D,0,1,0,86,,,,57.09,False,False,
741,EQAL,Invesco Russell 1000 Equal Weight ETF,D,0,1,0,58,,,,58.37,False,False,
742,RLY,State Street Multi-Asset Real Return ETF,D,0,1,1,23,,,,37.07,False,False,
743,DBEZ,Xtrackers MSCI Eurozone Hedged Equity ETF,D,0,1,1,23,,,,62.21,False,False,
744,EMLP,First Trust North American Energy Infrastructure Fund,D,0,1,0,177,,,,42.18,False,False,
745,OPPE,WisdomTree European Opportunities Fund,D,0,1,0,205,,,,59.04,False,False,
746,FXD,First Trust Consumer Discretionary AlphaDEX Fund,D,0,1,0,86,,,,64.65,False,False,
747,NTSX,WisdomTree U.S. Efficient Core Fund,D,0,1,0,86,,,,59.3,False,False,
748,DGT,State Street SPDR Global Dow ETF,D,0,1,1,23,,,,187.96,False,False,
749,VFMV,Vanguard U.S. Minimum Volatility ETF ETF Shares,D,0,1,1,23,,,,142.37,False,False,
750,FAD,First Trust Multi Cap Growth AlphaDEX Fund,D,0,1,0,114,,,,182.62,False,False,
751,XLSR,State Street US Sector Rotation ETF,D,0,1,0,58,,,,66.71,False,False,
752,TOLZ,ProShares DJ Brookfield Global Infrastructure ETF,D,0,1,1,23,,,,55.69,False,False,
753,DEW,WisdomTree Global High Dividend Fund,D,0,1,0,114,,,,70.29,False,False,
754,FGD,First Trust Dow Jones Global Select Dividend Index Fund,D,0,1,1,23,,,,34.38,False,False,
755,EFO,ProShares Ultra MSCI EAFE,D,0,1,1,23,,,,72.72,True,False,
756,PBP,Invesco S&P 500 BuyWrite ETF,D,0,1,0,86,,,,23.16,False,False,
757,IHDG,WisdomTree International Hedged Quality Dividend Growth Fund,D,0,1,0,58,,,,52.28,False,False,
758,INCO,Columbia India Consumer ETF,D,0,1,0,86,,,,59.86,False,False,
759,FSZ,First Trust Switzerland AlphaDEX Fund,D,0,1,1,23,,,,79.53,False,False,
760,HEFA,iShares Currency Hedged MSCI EAFE ETF,D,0,1,1,23,,,,46.69,False,False,
761,IVOG,Vanguard S&P Mid-Cap 400 Growth Index Fund ETF Shares,D,0,1,1,23,,,,138.25,False,False,
762,LEGR,First Trust Indxx Innovative Transaction & Process ETF,D,0,1,0,86,,,,66.06,False,False,
763,FXU,First Trust Utilities AlphaDEX Fund,D,0,1,0,58,,,,44.46,False,False,
764,FYLD,Cambria Foreign Shareholder Yield ETF,D,0,1,0,86,,,,40.06,False,False,
765,CARZ,First Trust S-Network Future Vehicles & Technology ETF,D,0,1,0,86,,,,108.86,False,False,
766,OBOR,KraneShares MSCI One Belt One Road Index ETF,D,0,1,1,23,,,,27.5,False,False,
767,EWX,State Street SPDR S&P Emerging Markets Small Cap ETF,D,0,1,1,23,,,,71.94,False,False,
768,BBEU,JPMorgan BetaBuilders Europe ETF,D,0,1,0,86,,,,76.75,False,False,
769,GYLD,Arrow Dow Jones Global Yield ETF,D,0,1,0,149,,,,14.13,False,False,
770,MDIV,Multi-Asset Diversified Income Index Fund,D,0,1,0,149,,,,16.21,False,False,
771,FLEE,Franklin FTSE Europe ETF,D,0,1,1,23,,,,38.34,False,False,
772,RXI,iShares Global Consumer Discretionary ETF,D,0,1,1,23,,,,186.98,False,False,
773,SHE,State Street SPDR MSCI USA Gender Diversity ETF,D,0,1,0,86,,,,158.74,False,False,
774,RSPS,Invesco S&P 500 Equal Weight Consumer Staples ETF,D,0,1,1,23,,,,29.38,False,False,
775,RSPC,Invesco S&P 500 Equal Weight Communication Services ETF,D,0,1,0,205,,,,35.6,False,False,
776,YXI,ProShares Short FTSE China 50,D,0,1,0,149,,,,22.45,False,False,
777,MILN,Global X Millennials Consumer ETF,D,0,1,0,58,,,,42.57,False,False,
778,FNY,First Trust Mid Cap Growth AlphaDEX Fund,D,0,1,0,205,,,,99.65,False,False,
779,FTHI,First Trust BuyWrite Income ETF,D,0,1,1,23,,,,23.83,False,False,
780,EWUS,iShares MSCI United Kingdom Small-Cap ETF,D,0,1,0,86,,,,43.42,False,False,
781,DBJP,Xtrackers MSCI Japan Hedged Equity ETF,D,0,1,0,86,,,,116.75,False,False,
782,HEWJ,iShares Currency Hedged MSCI Japan ETF,D,0,1,0,149,,,,65.24,False,False,
783,IDEV,iShares Core MSCI International Developed Markets ETF,D,0,1,0,58,,,,90.39,False,False,
784,FTXG,First Trust Nasdaq Food & Beverage ETF,D,0,1,0,58,,,,21.97,False,False,
785,IQDG,WisdomTree International Quality Dividend Growth Fund,D,0,1,0,149,,,,42.87,False,False,
786,OPPJ,WisdomTree Japan Opportunities Fund,D,0,1,0,86,,,,60.34,False,False,
787,EFAS,Global X MSCI SuperDividend EAFE ETF,D,0,1,0,114,,,,22.25,False,False,
788,DLS,WisdomTree International SmallCap Dividend Fund,D,0,1,1,23,,,,87.97,False,False,
789,INTF,iShares International Equity Factor ETF,D,0,1,1,23,,,,41.94,False,False,
790,IDHQ,Invesco S&P International Developed Quality ETF,D,0,1,1,23,,,,43.69,False,False,
791,EFAX,State Street SPDR MSCI EAFE Fossil Fuel Reserves Free ETF,D,0,1,1,23,,,,54.0,False,False,
792,FTQI,First Trust Nasdaq BuyWrite Income ETF,D,0,1,0,149,,,,22.45,False,False,
793,CCOR,Core Alternative ETF,D,0,1,0,58,,,,25.58,False,False,
794,FNDC,Schwab Fundamental International Small Equity ETF,D,0,1,0,58,,,,50.21,False,False,
795,IGRO,iShares International Dividend Growth ETF,D,0,1,0,149,,,,89.67,False,False,
796,HAUZ,Xtrackers International Real Estate ETF,D,0,1,0,58,,,,21.52,False,False,
797,EMGF,iShares Emerging Markets Equity Factor ETF,D,0,1,0,86,,,,72.56,False,False,
798,KOMP,State Street SPDR S&P Kensho New Economies Composite ETF,D,0,1,0,58,,,,67.59,False,False,
799,IFLN,Invesco Bloomberg Enhanced Fallen Angels ETF,D,0,1,0,114,,,,17.75,False,False,
800,HAIL,State Street SPDR S&P Kensho Smart Mobility ETF,D,0,1,1,23,,,,34.76,False,False,
801,LQDH,iShares Interest Rate Hedged Corporate Bond ETF,D,0,1,0,86,,,,92.9,False,False,
802,SPTI,State Street SPDR Portfolio Intermediate Term Treasury ETF,D,0,1,0,58,,,,27.4,False,False,
803,JCPB,JPMorgan Core Plus Bond ETF,D,0,1,1,23,,,,45.23,False,False,
804,JMBS,Janus Henderson Mortgage-Backed Securities ETF,D,0,1,1,23,,,,43.06,False,False,
805,DBEM,Xtrackers MSCI Emerging Markets Hedged Equity ETF,D,0,1,0,149,,,,39.69,False,False,
806,FNGU,MicroSectors FANG+ 3X Leveraged,F,0,0,0,0,,,,35.2,True,False,
807,JJETF,iPath Bloomberg Energy Subindex Total Return ETN,F,0,0,0,0,,,,8.0,False,True,
808,SMHB,ETRACS 2xMonthly Pay Leveraged US Small Cap High Dividend ETN,F,0,0,0,0,,,,3.5,True,True,
809,DAGXF,DB Agriculture Double Long ETN,F,0,0,0,0,,,,2.0,False,True,
810,OLOXF,DB Crude Oil Long ETN,F,0,0,0,0,,,,12.3,False,True,
811,NURE,Nuveen Short-Term REIT ETF,F,0,0,0,0,,,,29.71,False,False,
812,BBRE,JPMorgan BetaBuilders MSCI U.S. REIT ETF,F,0,0,0,0,,,,101.07,False,False,
813,DVLU,First Trust Dorsey Wright Momentum & Value ETF,F,0,0,0,0,,,,39.39,False,False,
814,PSR,Invesco Active U.S. Real Estate Fund,F,0,0,0,0,,,,98.04,False,False,
815,HOMZ,The Hoya Capital Housing ETF,F,0,0,0,0,,,,41.82,False,False,
816,PPTY,Vident U.S. Diversified Real Estate ETF,F,0,0,0,0,,,,31.73,False,False,
817,CSEN,Cohen & Steers Future of Energy Active ETF,F,0,0,0,0,,,,25.48,False,False,
818,DDIV,First Trust Dorsey Wright Momentum & Dividend ETF,F,0,0,0,0,,,,44.59,False,False,
819,AMUB,UBS ETRACS Alerian MLP Index ETN Series B,F,0,0,0,0,,,,22.53,False,True,
820,USOI,UBS ETRACS Crude Oil Shares Covered Call ETN,F,0,0,0,0,,,,44.53,False,True,
821,UCIB,UBS ETRACS UBS Bloomberg Constant Maturity Commodity Index (CMCI) Total Return E,F,0,0,0,0,,,,39.11,False,False,
822,MLPB,UBS ETRACS Alerian MLP Infrastructure Index ETN Series B,F,0,0,0,0,,,,30.19,False,True,
823,SQLV,Royce Quant Small-Cap Quality Value ETF,F,0,0,0,0,,,,51.51,False,False,
824,VUSE,Vident U.S. Equity Strategy ETF,F,0,0,0,0,,,,72.93,False,False,
825,RDOG,ALPS REIT Dividend Dogs ETF,F,0,0,0,0,,,,38.3,False,False,
826,FLSA,Franklin FTSE Saudi Arabia ETF,F,0,0,0,0,,,,32.1,False,False,
827,QVMT,Invesco S&P S&P 500 Concentrated QVM ETF,F,0,0,0,0,,,,65.09,False,False,
828,XMVM,Invesco S&P MidCap Value with Momentum ETF,F,0,0,0,0,,,,71.45,False,False,
829,EQRR,ProShares Equities for Rising Rates ETF,F,0,0,0,0,,,,85.09,False,False,
830,PY,Principal Value ETF,F,0,0,0,0,,,,56.58,False,False,
831,FDM,First Trust Dow Jones Select MicroCap Index Fund,F,0,0,0,0,,,,88.6,False,False,
832,BDCZ,UBS ETRACS Wells Fargo Business Development Company Index ETN,F,0,0,0,0,,,,15.01,False,True,
833,QVAL,Alpha Architect U.S. Quantitative Value ETF,F,0,0,0,0,,,,59.1,False,False,
834,FNK,First Trust Mid Cap Value AlphaDEX Fund,F,0,0,0,0,,,,60.88,False,False,
835,RFV,Invesco S&P MidCap 400 Pure Value ETF,F,0,0,0,0,,,,144.73,False,False,
836,VPC,Virtus Private Credit ETF,F,0,0,0,0,,,,15.03,False,False,
837,IMCV,iShares Morningstar Mid-Cap Value ETF,F,0,0,0,0,,,,93.3,False,False,
838,HTUS,Hull Tactical US ETF,F,0,0,0,0,,,,45.87,False,False,
839,PSC,Principal U.S. Small-Cap ETF,F,0,0,0,0,,,,67.19,False,False,
840,VAMO,Cambria Value and Momentum ETF,F,0,0,0,0,,,,35.23,False,False,
841,IUS,Invesco RAFI Strategic US ETF,F,0,0,0,0,,,,68.56,False,False,
842,LVDS,JPMorgan Fundamental Data Science Large Value ETF,F,0,0,0,0,,,,59.02,False,False,
843,GQRE,Northern Trust Global Quality Real Estate ETF,F,0,0,0,0,,,,60.48,False,False,
844,USSG,Xtrackers MSCI USA Selection Equity ETF,F,0,0,0,0,,,,71.36,False,False,
845,QARP,Xtrackers Russell 1000 US QARP ETF,F,0,0,0,0,,,,67.17,False,False,
846,FNDB,Schwab Fundamental U.S. Broad Market ETF,F,0,0,0,0,,,,31.02,False,False,
847,NUMV,Nuveen ESG Mid-Cap Value ETF,F,0,0,0,0,,,,43.24,False,False,
848,ROSC,Hartford Multifactor Small Cap ETF,F,0,0,0,0,,,,54.06,False,False,
849,ULVM,VictoryShares US Value Momentum ETF,F,0,0,0,0,,,,103.72,False,False,
850,EQIN,Columbia U.S. Equity Income ETF,F,0,0,0,0,,,,52.26,False,False,
851,RWO,State Street SPDR Dow Jones Global Real Estate ETF,F,0,0,0,0,,,,47.13,False,False,
852,EWO,iShares MSCI Austria ETF,F,0,0,0,0,,,,43.43,False,False,
853,VIOV,Vanguard S&P Small-Cap 600 Value Index Fund ETF Shares,F,0,0,0,0,,,,111.92,False,False,
854,BEDY,Bny Mellon Enhanced Dividend Income ETF,F,0,0,0,0,,,,28.96,False,False,
855,ABFL,Abacus FCF Leaders ETF,F,0,0,0,0,,,,80.89,False,False,
856,FVAL,Fidelity Value Factor ETF,F,0,0,0,0,,,,81.59,False,False,
857,IVOV,Vanguard S&P Mid-Cap 400 Value Index Fund ETF Shares,F,0,0,0,0,,,,109.2,False,False,
858,MDYV,State Street SPDR S&P 400 Mid Cap Value ETF,F,0,0,0,0,,,,90.39,False,False,
859,PSCU,Invesco S&P SmallCap Utilities & Communication Services ETF,F,0,0,0,0,,,,60.83,False,False,
860,PEXL,Pacer US Export Leaders ETF,F,0,0,0,0,,,,73.71,False,False,
861,FLTW,Franklin FTSE Taiwan ETF,F,0,0,0,0,,,,108.72,False,False,
862,SHRY,First Trust Bloomberg Shareholder Yield ETF,F,0,0,0,0,,,,45.35,False,False,
863,LEAD,,F,0,0,0,0,,,,,False,False,
864,XSLV,Invesco S&P SmallCap Low Volatility ETF,F,0,0,0,0,,,,49.76,False,False,
865,SPDV,AAM S&P 500 High Dividend Value ETF,F,0,0,0,0,,,,39.83,False,False,
866,JPME,JPMorgan Diversified Return U.S. Mid Cap Equity ETF,F,0,0,0,0,,,,121.14,False,False,
867,ISCV,iShares Morningstar Small-Cap Value ETF,F,0,0,0,0,,,,76.32,False,False,
868,PSET,Principal Quality ETF,F,0,0,0,0,,,,78.59,False,False,
869,JPSE,JPMorgan Diversified Return U.S. Small Cap Equity ETF,F,0,0,0,0,,,,57.03,False,False,
870,FLCA,Franklin FTSE Canada ETF,F,0,0,0,0,,,,53.29,False,False,
871,ONEV,State Street SPDR Russell 1000 Low Volatility Focus ETF,F,0,0,0,0,,,,141.3,False,False,
872,JPUS,JPMorgan Diversified Return U.S. Equity ETF,F,0,0,0,0,,,,137.63,False,False,
873,DSTL,Distillate U.S. Fundamental Stability & Value ETF,F,0,0,0,0,,,,65.27,False,False,
874,SECT,Main Sector Rotation ETF,F,0,0,0,0,,,,72.16,False,False,
875,SPVM,Invesco S&P 500 Value with Momentum ETF,F,0,0,0,0,,,,73.44,False,False,
876,ISHP,First Trust S-Network Global E-Commerce ETF,F,0,0,0,0,,,,33.93,False,False,
877,OMFS,Invesco Russell 2000 Dynamic Multifactor ETF,F,0,0,0,0,,,,49.93,False,False,
878,SSPY,Stratified LargeCap Index ETF,F,0,0,0,0,,,,97.5,False,False,
879,PFI,Invesco Dorsey Wright Financial Momentum ETF,F,0,0,0,0,,,,58.63,False,False,
880,SPXV,ProShares S&P 500 ex-Health Care ETF,F,0,0,0,0,,,,84.06,False,False,
881,ESG,Northern Trust STOXX US ESG Select ETF,F,0,0,0,0,,,,181.22,False,False,
882,FLQM,Franklin U.S. Mid Cap Multifactor Index ETF,F,0,0,0,0,,,,58.4,False,False,
883,QLC,Northern Trust US Quality Large Cap ETF,F,0,0,0,0,,,,91.52,False,False,
884,ISMD,Inspire Small/Mid Cap ETF,F,0,0,0,0,,,,47.13,False,False,
885,WBIY,WBI Power Factor High Dividend ETF,F,0,0,0,0,,,,36.14,False,False,
886,VTWV,Vanguard Russell 2000 Value Index Fund ETF Shares,F,0,0,0,0,,,,187.91,False,False,
887,NULG,Nuveen ESG Large-Cap Growth ETF,F,0,0,0,0,,,,113.71,False,False,
888,LFEQ,VanEck Long/Flat Trend ETF,F,0,0,0,0,,,,61.16,False,False,
889,PTLC,Pacer Trendpilot US Large Cap ETF,F,0,0,0,0,,,,59.93,False,False,
890,OSCV,Opus Small Cap Value Plus ETF,F,0,0,0,0,,,,39.91,False,False,
891,KRMA,,F,0,0,0,0,,,,,False,False,
892,TILT,Northern Trust Morningstar US Market Factors Tilt ETF,F,0,0,0,0,,,,279.99,False,False,
893,EPS,WisdomTree U.S. LargeCap Fund,F,0,0,0,0,,,,80.73,False,False,
894,FNGO,MicroSectors FANG+ Index 2X Leveraged ETN,F,0,0,0,0,,,,160.2,True,True,
895,CZA,Invesco Zacks Mid-Cap ETF,F,0,0,0,0,,,,120.08,False,False,
896,BKCG,BNY Mellon ETF Trust II: BNY Mellon Concentrated Growth ETF,F,0,0,0,0,,,,39.43,False,False,
897,AUSF,Global X Adaptive U.S. Factor ETF,F,0,0,0,0,,,,49.74,False,False,
898,ROUS,Hartford Multifactor US Equity ETF,F,0,0,0,0,,,,67.24,False,False,
899,SPXN,ProShares S&P 500 ex-Financials ETF,F,0,0,0,0,,,,84.73,False,False,
900,NACP,Impact Shares NAACP Minority Empowerment ETF,F,0,0,0,0,,,,60.87,False,False,
901,PBUS,Invesco MSCI USA ETF,F,0,0,0,0,,,,77.0,False,False,
902,GUSE,Goldman Sachs Enhanced U.S. Equity ETF,F,0,0,0,0,,,,45.95,False,False,
903,JHML,John Hancock Multifactor Large Cap ETF,F,0,0,0,0,,,,89.93,False,False,
904,FEX,First Trust Large Cap Core AlphaDEX Fund,F,0,0,0,0,,,,134.52,False,False,
905,QUS,State Street SPDR MSCI USA StrategicFactors ETF,F,0,0,0,0,,,,191.69,False,False,
906,DTRE,First Trust Alerian Disruptive Technology Real Estate ETF,F,0,0,0,0,,,,41.13,False,False,
907,JUST,Goldman Sachs JUST U.S. Large Cap Equity ETF,F,0,0,0,0,,,,109.53,False,False,
908,VIOO,Vanguard S&P Small-Cap 600 Index Fund ETF Shares,F,0,0,0,0,,,,128.44,False,False,
909,FLQS,Franklin U.S. Small Cap Multifactor Index ETF,F,0,0,0,0,,,,47.1,False,False,
910,QDF,Northern Trust Quality Dividend ETF,F,0,0,0,0,,,,90.51,False,False,
911,ILCV,iShares Morningstar Value ETF,F,0,0,0,0,,,,106.57,False,False,
912,FSCS,First Trust SMID Capital Strength ETF,F,0,0,0,0,,,,36.14,False,False,
913,DEUS,Xtrackers Russell US Multifactor ETF,F,0,0,0,0,,,,64.33,False,False,
914,ONEO,State Street SPDR Russell 1000 Momentum Focus ETF,F,0,0,0,0,,,,150.01,False,False,
915,TCV,Towle Value ETF,F,0,0,0,0,,,,32.09,False,False,
916,CFO,VictoryShares US 500 Enhanced Volatility Wtd ETF,F,0,0,0,0,,,,78.65,False,False,
917,HUSV,First Trust Horizon Managed Volatility Domestic ETF,F,0,0,0,0,,,,39.48,False,False,
918,QDEF,Northern Trust Quality Dividend Defensive ETF,F,0,0,0,0,,,,89.57,False,False,
919,FSGS,,F,0,0,0,0,,,,32.09,False,False,
920,WLDR,,F,0,0,0,0,,,,47.74,False,False,
921,RFDA,,F,0,0,0,0,,,,71.67,False,False,
922,VSMV,VictoryShares US Multi-Factor Minimum Volatility ETF,F,0,0,0,0,,,,60.04,False,False,
923,VTHR,Vanguard Russell 3000 Index Fund ETF Shares,F,0,0,0,0,,,,337.82,False,False,
924,FXR,First Trust Industrials/Producer Durables AlphaDEX Fund,F,0,0,0,0,,,,83.45,False,False,
925,CVY,Invesco Zacks Multi-Asset Income ETF,F,0,0,0,0,,,,28.99,False,False,
926,FTDS,First Trust Dividend Strength ETF,F,0,0,0,0,,,,63.4,False,False,
927,JMOM,JPMorgan U.S. Momentum Factor ETF,F,0,0,0,0,,,,83.65,False,False,
928,GVLE,Goldman Sachs Value Opportunities ETF,F,0,0,0,0,,,,47.91,False,False,
929,POWA,Invesco Bloomberg Pricing Power,F,0,0,0,0,,,,87.36,False,False,
930,TNGY,Tortoise Energy Fund,F,0,0,0,0,,,,10.96,False,False,
931,WOMN,Impact Shares Women’s Empowerment ETF,F,0,0,0,0,,,,44.1,False,False,
932,XSHQ,Invesco S&P SmallCap Quality ETF,F,0,0,0,0,,,,45.4,False,False,
933,AKRE,Akre Focus ETF,F,0,0,0,0,,,,54.79,False,False,
934,USVM,VictoryShares US Small Mid Cap Value Momentum ETF,F,0,0,0,0,,,,104.3,False,False,
935,KNG,FT Cboe Vest S&P 500 Dividend Aristocrats Target Income ETF,F,0,0,0,0,,,,49.23,False,False,
936,UPGD,Invesco Bloomberg Analyst Rating Improvers ETF,F,0,0,0,0,,,,81.0,False,False,
937,GSSC,Goldman Sachs ActiveBeta U.S. Small Cap Equity ETF,F,0,0,0,0,,,,86.88,False,False,
938,VRAI,Virtus Real Asset Income ETF,F,0,0,0,0,,,,27.37,False,False,
939,MFUS,PIMCO RAFI Dynamic Multi-Factor U.S. Equity ETF,F,0,0,0,0,,,,65.49,False,False,
940,OUSA,ALPS O'Shares U.S. Quality Dividend ETF Shares,F,0,0,0,0,,,,60.07,False,False,
941,SPIT,F/m Emerald Special Situations ETF,F,0,0,0,0,,,,31.16,False,False,
942,TOK,iShares MSCI Kokusai ETF,F,0,0,0,0,,,,153.9,False,False,
943,ESGG,Northern Trust STOXX Global ESG Select ETF,F,0,0,0,0,,,,239.44,False,False,
944,BLES,Inspire Global Hope ETF,F,0,0,0,0,,,,48.25,False,False,
945,FLEU,Franklin FTSE Eurozone ETF,F,0,0,0,0,,,,35.19,False,False,
946,ACSI,American Customer Satisfaction ETF,F,0,0,0,0,,,,76.14,False,False,
947,NULV,Nuveen ESG Large-Cap Value ETF,F,0,0,0,0,,,,53.33,False,False,
948,INCE,Franklin Income Equity Focus ETF,F,0,0,0,0,,,,66.92,False,False,
949,EIS,iShares MSCI Israel ETF,F,0,0,0,0,,,,124.85,False,False,
950,IWX,iShares Russell Top 200 Value ETF,F,0,0,0,0,,,,110.9,False,False,
951,SURE,AdvisorShares Insider Advantage ETF,F,0,0,0,0,,,,145.09,False,False,
952,XMLV,Invesco S&P MidCap Low Volatility ETF,F,0,0,0,0,,,,64.34,False,False,
953,BOUT,CapForce IBD Breakout Opportunities ETF,F,0,0,0,0,,,,42.89,False,False,
954,LRGE,ClearBridge Large Cap Growth Select ETF,F,0,0,0,0,,,,90.61,False,False,
955,IMCB,iShares Morningstar Mid-Cap ETF,F,0,0,0,0,,,,95.86,False,False,
956,CHGX,Stance Sustainable Beta ETF,F,0,0,0,0,,,,33.2,False,False,
957,YLDE,Franklin ClearBridge Enhanced Income ETF,F,0,0,0,0,,,,55.31,False,False,
958,DALI,First Trust Dorsey Wright DALI 1 ETF,F,0,0,0,0,,,,28.84,False,False,
959,LSAF,LeaderSharesTM AlphaFactor US Core Equity ETF,F,0,0,0,0,,,,54.04,False,False,
960,RFFC,ALPS Active Equity Opportunity ETF,F,0,0,0,0,,,,76.79,False,False,
961,GSGO,Goldman Sachs Growth Opportunities ETF,F,0,0,0,0,,,,45.53,False,False,
962,VSDA,VictoryShares Dividend Accelerator ETF,F,0,0,0,0,,,,56.97,False,False,
963,GTOP,Goldman Sachs Technology Opportunities ETF,F,0,0,0,0,,,,51.12,False,False,
964,FXG,First Trust Consumer Staples AlphaDEX Fund,F,0,0,0,0,,,,59.53,False,False,
965,FVC,First Trust Dorsey Wright Dynamic Focus 5 ETF,F,0,0,0,0,,,,42.65,False,False,
966,KAT,Scharf ETF,F,0,0,0,0,,,,57.26,False,False,
967,TLG,Touchstone Large Company Growth ETF,F,0,0,0,0,,,,27.72,False,False,
968,IEDI,iShares U.S. Consumer Focused ETF,F,0,0,0,0,,,,57.21,False,False,
969,OEFA,ALPS O'Shares International Developed Quality Dividend ETF,F,0,0,0,0,,,,34.65,False,False,
970,QWLD,State Street SPDR MSCI World St,F,0,0,0,0,,,,155.81,False,False,
971,CWS,AdvisorShares Focused Equity ETF,F,0,0,0,0,,,,67.69,False,False,
972,FCTR,First Trust Lunt U.S. Factor Rotation ETF,F,0,0,0,0,,,,38.39,False,False,
973,BWVTF,iPath CBOE S&P 500 BuyWrite Index(SM) ETN,F,0,0,0,0,,,,115.0,False,True,
974,SMCP,SMART Mid Cap ETF,F,0,0,0,0,,,,26.9,False,False,
975,USMF,WisdomTree U.S. Multifactor Fund,F,0,0,0,0,,,,52.52,False,False,
976,UCC,ProShares Ultra Consumer Discretionary,F,0,0,0,0,,,,41.71,True,False,
977,PIZ,Invesco Dorsey Wright Developed Markets Momentum ETF,F,0,0,0,0,,,,53.22,False,False,
978,FLSW,Franklin FTSE Switzerland ETF,F,0,0,0,0,,,,41.63,False,False,
979,ADME,Aptus Drawdown Managed Equity ETF,F,0,0,0,0,,,,56.59,False,False,
980,UDIV,Franklin U.S. Core Dividend Tilt Index ETF,F,0,0,0,0,,,,61.65,False,False,
981,JHSC,John Hancock Multifactor Small Cap ETF,F,0,0,0,0,,,,46.29,False,False,
982,FTLS,First Trust Long/Short Equity ETF,F,0,0,0,0,,,,76.86,False,False,
983,ESML,iShares ESG Aware MSCI USA Small-Cap ETF,F,0,0,0,0,,,,52.9,False,False,
984,BMVP,Invesco Bloomberg MVP Multi-fac,F,0,0,0,0,,,,52.33,False,False,
985,ASCI,abrdn International Small Cap Active ETF,F,0,0,0,0,,,,36.63,False,False,
986,FCEF,First Trust Income Opportunity ETF,F,0,0,0,0,,,,23.03,False,False,
987,FKU,First Trust United Kingdom AlphaDEX Fund,F,0,0,0,0,,,,54.47,False,False,
988,EUDV,ProShares MSCI Europe Dividend Growers ETF,F,0,0,0,0,,,,52.38,False,False,
989,EDOW,First Trust Dow 30 Equal Weight ETF,F,0,0,0,0,,,,45.06,False,False,
990,GLOF,iShares Global Equity Factor ETF,F,0,0,0,0,,,,61.17,False,False,
991,CRBN,iShares Low Carbon Optimized MSCI ACWI ETF,F,0,0,0,0,,,,257.6,False,False,
992,GMOM,Cambria Global Momentum ETF,F,0,0,0,0,,,,38.45,False,False,
993,NZAC,State Street SPDR MSCI ACWI Climate Paris Aligned ETF,F,0,0,0,0,,,,46.84,False,False,
994,BDYN,iShares Dynamic Equity Active ETF,F,0,0,0,0,,,,28.02,False,False,
995,WBIL,WBI BullBear Quality 3000 ETF,F,0,0,0,0,,,,40.0,False,False,
996,SMMD,iShares Russell 2500 ETF,F,0,0,0,0,,,,86.71,False,False,
997,EEMS,iShares MSCI Emerging Markets Small-Cap ETF,F,0,0,0,0,,,,75.45,False,False,
998,ENOR,iShares MSCI Norway ETF,F,0,0,0,0,,,,36.24,False,False,
999,NUSC,Nuveen ESG Small-Cap ETF,F,0,0,0,0,,,,49.39,False,False,