occ_underlying,product_evidence_tier,cboe_symbol_types,cboe_company_names,cboe_settlement_styles,cboe_markets,occ_name_explicit_etf,occ_class_symbols,occ_names,provider_underlying_state,observed_provider_roots,lookup_contract_strings_all_roots,lookup_received_at_utc,lookup_raw_sha256
AAPY,OCC_ETF_NAME_CBOE_ABSENT,,,,,true,AAPY,KURV YIELD PREMIUM STRATEGY APPLE AAPL ETF,PROVIDER_QUERY_RETURNED_OPTION_ROOTS,AAPY,98,2026-10-01T18:22:09.952Z,62fe402663f3ed92eb6615aeea8d8f65acdf90ec621305006f84bbc2e74b779a
AFK,OCC_ETF_NAME_CBOE_ABSENT,,,,,true,AFK,VanEck Africa Index ETF,PROVIDER_QUERY_RETURNED_OPTION_ROOTS,AFK,168,2026-10-01T18:23:49.033Z,1a70e84d2532d775071c2885f9818267926abe18a35223a58b6b22d182211868
AGIX,OCC_ETF_NAME_CBOE_ABSENT,,,,,true,AGIX,KraneShares Public-Private AI & Technology ETF,PROVIDER_QUERY_RETURNED_OPTION_ROOTS,AGIX,110,2026-10-01T18:24:01.046Z,ca3db119a1a42cd4c5eb254920b9c962a5ada1c6f56bfb1ce1a5d5e0b66398fe
AGZ,OCC_ETF_NAME_CBOE_ABSENT,,,,,true,AGZ,ISHARES AGENCY BOND ETF,PROVIDER_QUERY_RETURNED_OPTION_ROOTS,AGZ,94,2026-10-01T18:24:12.065Z,7eac53089f2558625f801a9319afe07d11afd470860bfeeee497f594a4e7bbae
AIEQ,OCC_ETF_NAME_CBOE_ABSENT,,,,,true,AIEQ,Amplify AI Powered Equity ETF,PROVIDER_QUERY_RETURNED_OPTION_ROOTS,AIEQ,184,2026-10-01T18:24:20.083Z,61e4c78782b140aca0baf7f2d069e03923696b48e561d64dcc73d2cebe15b983
AIFD,OCC_ETF_NAME_CBOE_ABSENT,,,,,true,AIFD,TCW ARTIFICIAL INTELLIGENCE ETF,PROVIDER_QUERY_RETURNED_OPTION_ROOTS,AIFD,112,2026-10-01T18:24:22.078Z,084f144b8a30f1b6324a732625a59d1a9fc4d26ef03954873c9fc655899da4da
ALBG,OCC_ETF_NAME_CBOE_ABSENT,,,,,true,ALBG,THEMES ETF LEVERAGE SHARES 2X LONG ALB DAILY ETF,PROVIDER_QUERY_RETURNED_OPTION_ROOTS,ALBG,132,2026-10-01T18:24:54.128Z,51708d120962a7769fa8e4cc78dec840c1d3187d26c05f594d7207d6c3078837
ALTY,OCC_ETF_NAME_CBOE_ABSENT,,,,,true,ALTY,Global X Funds Global X Alternative Income ETF,PROVIDER_QUERY_RETURNED_OPTION_ROOTS,ALTY,88,2026-10-01T18:25:28.242Z,83bac095466d7508c200679f68d18b405b0b2168b5844fb3d329e7dd1a4fae40
AMOM,OCC_ETF_NAME_CBOE_ABSENT,,,,,true,AMOM,QRAFT AI-ENHANCED U.S. LARGE CAP MOMENTUM ETF,PROVIDER_QUERY_RETURNED_OPTION_ROOTS,AMOM,238,2026-10-01T18:25:56.663Z,310570206772013e403911a6a96b7c5131a7ad05c7352a888cc0efee797dbdac
AMYY,OCC_ETF_NAME_CBOE_ABSENT,,,,,true,AMYY,GRANITESHARES YIELDBOOST AMD ETF,PROVIDER_QUERY_RETURNED_OPTION_ROOTS,AMYY,178,2026-10-01T18:26:16.879Z,5e9141f2ff1c8363fdfcc2b07420507708931832c10144cd9830c875b4a86e48
AOA,OCC_ETF_NAME_CBOE_ABSENT,,,,,true,AOA,iShares Core 80/20 Aggressive Allocation ETF,PROVIDER_QUERY_RETURNED_OPTION_ROOTS,AOA,200,2026-10-01T18:26:49.478Z,b382337557aa8e838186f7b4e07a116fb70470bd1de428b976dc4174b92d7444
AOM,OCC_ETF_NAME_CBOE_ABSENT,,,,,true,AOM,iShares Core 40/60 Moderate Allocation ETF,PROVIDER_QUERY_RETURNED_OPTION_ROOTS,AOM,168,2026-10-01T18:26:50.143Z,77d25082a271bb6f923b797b1c3f098752efc5e2280c26455269bcfb914baffb
AOR,OCC_ETF_NAME_CBOE_ABSENT,,,,,true,AOR,iShares Core 60/40 Balanced Allocation ETF,PROVIDER_QUERY_RETURNED_OPTION_ROOTS,AOR,200,2026-10-01T18:26:51.541Z,77d07eb48c176254dca45255ad513cc03df9091b4898018eb008de6b9a129117
APLY,OCC_ETF_NAME_CBOE_ABSENT,,,,,true,APLY,YIELDMAX AAPL OPTION INCOME STRATEGY ETF,PROVIDER_QUERY_RETURNED_OPTION_ROOTS,APLY,148,2026-10-01T18:27:04.176Z,4d8fb8bf00287a0f6b68075a4b0526308826a7b979b1f0325d755e79cbaf8e03
ARVR,OCC_ETF_NAME_CBOE_ABSENT,,,,,true,ARVR,FIRST TRUST INDXX METAVERSE ETF,PROVIDER_QUERY_RETURNED_OPTION_ROOTS,ARVR,122,2026-10-01T18:27:43.616Z,698800387f2cbcbcc229738eab65cb5bb3f938a2761ac54f954c3f07188cb702
ASTN,OCC_ETF_NAME_CBOE_ABSENT,,,,,true,ASTN|ASTN1,DEFIANCE DAILY TARGET 2X SHORT ASTS ETF|DEFIANCE DAILY TARGET 2X SHORT ASTS ETF (1:4 rev),PROVIDER_QUERY_RETURNED_OPTION_ROOTS,ASTN|ASTN1,250,2026-10-01T18:28:05.741Z,9112891b9d3bb1603755057156302933b8c7f77caecf67050e2838a930ba76b3
AUAU,OCC_ETF_NAME_CBOE_ABSENT,,,,,true,AUAU,GLOBAL X GOLD MINERS ETF,PROVIDER_QUERY_RETURNED_OPTION_ROOTS,AUAU,210,2026-10-01T18:28:25.859Z,249fc647e24611374498628ea6c52bb5130c3a5c5e2f94a11f037b4189ddd7ee
AVIE,OCC_ETF_NAME_CBOE_ABSENT,,,,,true,AVIE,AVANTIS INFLATION FOCUSED EQUITY ETF,PROVIDER_QUERY_RETURNED_OPTION_ROOTS,AVIE,116,2026-10-01T18:28:43.321Z,0510ef755dca21090f4d469494e9e5b0d64717d0937b3ec2e433c929152ad187
AVLV,OCC_ETF_NAME_CBOE_ABSENT,,,,,true,AVLV,AVANTIS U.S. LARGE CAP VALUE ETF,PROVIDER_QUERY_RETURNED_OPTION_ROOTS,AVLV,220,2026-10-01T18:28:46.640Z,53ca9c21568884be201e66498fc7798775ea2d73145091a6a03dd01539d36248
AVMA,OCC_ETF_NAME_CBOE_ABSENT,,,,,true,AVMA,AVANTIS MODERATE ALLOCATION ETF,PROVIDER_QUERY_RETURNED_OPTION_ROOTS,AVMA,200,2026-10-01T18:28:47.230Z,b0d2b18edd07cedcf51a93dc82587618c5d906affcb1ee0a4b8b4c4557edbc23
AVNM,OCC_ETF_NAME_CBOE_ABSENT,,,,,true,AVNM,AVANTIS ALL INTERNATIONAL MARKETS EQUITY ETF,PROVIDER_QUERY_RETURNED_OPTION_ROOTS,AVNM,200,2026-10-01T18:28:49.263Z,4fc8a7d59c7a2ed69def34bb8bcc7f5aedd8762dfec1557df340bc9967b78099
AVNV,OCC_ETF_NAME_CBOE_ABSENT,,,,,true,AVNV,AVANTIS ALL INTERNATIONAL MARKETS VALUE ETF,PROVIDER_QUERY_RETURNED_OPTION_ROOTS,AVNV,200,2026-10-01T18:28:50.566Z,2cf18024c960a66b5203f6e939c9804d0fcbade323fd4e4400929c6395384743
AVRE,OCC_ETF_NAME_CBOE_ABSENT,,,,,true,AVRE,AVANTIS REAL ESTATE ETF,PROVIDER_QUERY_RETURNED_OPTION_ROOTS,AVRE,168,2026-10-01T18:28:53.990Z,296aa87002c553d262abe06954d4159a72ca02b7b7e16ca305e15e5ee1b1122f
AVXX,OCC_ETF_NAME_CBOE_ABSENT,,,,,true,AVXX|AVXX1,DEFIANCE DAILY TARGET 2X LONG AVAV ETF|DEFIANCE DAILY TARGET 2X LONG AVAV ETF (1:5),PROVIDER_QUERY_RETURNED_OPTION_ROOTS,AVXX|AVXX1,324,2026-10-01T18:28:59.945Z,515533aa9c487b8a14d5de1a1446dbc7e3f7f617d6989a3e02ef05703587c3cc
AZYY,OCC_ETF_NAME_CBOE_ABSENT,,,,,true,AZYY,GRANITESHARES YIELDBOOST AMZN ETF,PROVIDER_QUERY_RETURNED_OPTION_ROOTS,AZYY,168,2026-10-01T18:29:21.125Z,295f45eb5be1746c3dd9ac91fb5bfaf789070ad69bd7b083b3eb3a2f401770f9
BAB,OCC_ETF_NAME_CBOE_ABSENT,,,,,true,BAB,INVESCO TAXABLE MUNICIPAL BOND ETF,PROVIDER_QUERY_RETURNED_OPTION_ROOTS,BAB,88,2026-10-01T18:29:23.099Z,1dde5a8ffaa5d6c21124fb1f9da0920842efaad2a1bbb8f4ae1341c09b5092b5
BABO,OCC_ETF_NAME_CBOE_ABSENT,,,,,true,BABO,YIELDMAX BABA OPTION INCOME STRATEGY ETF,PROVIDER_QUERY_RETURNED_OPTION_ROOTS,BABO,88,2026-10-01T18:29:24.116Z,7863bfb6cfa750800b4cd6ddbd20b2d97dbb8d66aacf4e07e523dcdcd2319224
BALT,OCC_ETF_NAME_CBOE_ABSENT,,,,,true,BALT,INNOVATOR DEFINED WEALTH SHIELD ETF,PROVIDER_QUERY_RETURNED_OPTION_ROOTS,BALT,88,2026-10-01T18:29:29.184Z,7dca89b4ef05d02ce49ec744cb02bbff2b800fbf5b4c490b2efc7500c9c2840d
BBIN,OCC_ETF_NAME_CBOE_ABSENT,,,,,true,BBIN,JPMORGAN BETABUILDERS INTERNATIONAL EQUITY ETF,PROVIDER_QUERY_RETURNED_OPTION_ROOTS,BBIN,112,2026-10-01T18:29:42.804Z,354857976f14f733876ca10cd866a6e872d6f865404894db5ad14dabea079c99
BBJP,OCC_ETF_NAME_CBOE_ABSENT,,,,,true,BBJP,JPMORGAN BETABUILDERS JAPAN ETF,PROVIDER_QUERY_RETURNED_OPTION_ROOTS,BBJP,114,2026-10-01T18:29:43.799Z,6de16f2b16e0e86fd5e635a52287abec0eda48dcaa250fda21b199deda2486de
BBMC,OCC_ETF_NAME_CBOE_ABSENT,,,,,true,BBMC,JPMORGAN BETABUILDERS U.S. MID CAP EQUITY ETF,PROVIDER_QUERY_RETURNED_OPTION_ROOTS,BBMC,258,2026-10-01T18:29:44.318Z,e812f4ad095d9c48e136281383bd889babab864841dd47c17448f8ffa6963f7a
BBP,OCC_ETF_NAME_CBOE_ABSENT,,,,,true,BBP,Virtus Biotech ETF,PROVIDER_QUERY_RETURNED_OPTION_ROOTS,BBP,230,2026-10-01T18:29:45.250Z,309b5e8ae8d71baf9300857ff4ff6d669e9839266b1f310e45743efda2b3c110
BBUS,OCC_ETF_NAME_CBOE_ABSENT,,,,,true,BBUS,JP MORGAN BETABUILDERS U.S. EQUITY ETF,PROVIDER_QUERY_RETURNED_OPTION_ROOTS,BBUS,256,2026-10-01T18:29:47.266Z,b6be2a2cbfe6c0d7931b60c9f094e89c36966da87c29e720456309b63aa59516
BCCC,OCC_ETF_NAME_CBOE_ABSENT,,,,,true,BCCC,GLOBAL X BITCOIN COVERED CALL ETF,PROVIDER_QUERY_RETURNED_OPTION_ROOTS,BCCC,108,2026-10-01T18:29:52.897Z,175208a14f465e61a6c0c1637b2198aae2f77d3994f0f22d279ba4230d1f2874
BEDZ,OCC_ETF_NAME_CBOE_ABSENT,,,,,true,BEDZ,ADVISORSHARES HOTEL ETF,QUERY_EMPTY_UNDERLYING_IDENTITY_UNRESOLVED,,0,2026-10-01T18:30:03.450Z,1f658520ea6652ca12d7aa281f2bf6ffe81b3f3f096fdaa9ebcfa8bec364ed11
BHYP,OCC_ETF_NAME_CBOE_ABSENT,,,,,true,BHYP,BITWISE HYPERLIQUID ETF,PROVIDER_QUERY_RETURNED_OPTION_ROOTS,BHYP,256,2026-10-01T18:30:19.530Z,2b162a4031adb34a261b4c89ea2ca60421b900313c2b7a73ffee9cc81ca62c8c
BIBL,OCC_ETF_NAME_CBOE_ABSENT,,,,,true,BIBL,INSPIRE 100 ETF,PROVIDER_QUERY_RETURNED_OPTION_ROOTS,BIBL,106,2026-10-01T18:30:20.569Z,b21d32497bdfa9998943842605b1de0172e30a2972252bd0272302cb9f02d29d
BIDG,OCC_ETF_NAME_CBOE_ABSENT,,,,,true,BIDG,THEMES ETF LEVERAGE SHARES 2X LONG BIDU DAILY ETF,PROVIDER_QUERY_RETURNED_OPTION_ROOTS,BIDG,150,2026-10-01T18:30:21.027Z,c080156fdf2f7d6e81817a815a97682a9969b5d74dbb8be12c088c8874f97ce3
BKCH,OCC_ETF_NAME_CBOE_ABSENT,,,,,true,BKCH,GLOBAL X BLOCKCHAIN ETF,PROVIDER_QUERY_RETURNED_OPTION_ROOTS,BKCH,236,2026-10-01T18:30:34.502Z,aeac13a43d6d88c389de0696b52823a74ce9275f504317fde87b996517069b57
BKLC,OCC_ETF_NAME_CBOE_ABSENT,,,,,true,BKLC,BNY MELLON US LARGE CAP CORE EQUITY ETF,PROVIDER_QUERY_RETURNED_OPTION_ROOTS,BKLC,208,2026-10-01T18:30:37.529Z,243b45170d2b7ea76c967401c45a19eb29dbfe8f20ba68107583d4fd3cba54cf
BLCV,OCC_ETF_NAME_CBOE_ABSENT,,,,,true,BLCV,ISHARES LARGE CAP VALUE ACTIVE ETF,PROVIDER_QUERY_RETURNED_OPTION_ROOTS,BLCV,96,2026-10-01T18:30:44.089Z,f91212d4ee1b8f2f45430fa5e461ed0dcd22f27b5c19ad0f3697562a779a5fa7
BMED,OCC_ETF_NAME_CBOE_ABSENT,,,,,true,BMED,iShares Health Innovation Active ETF,PROVIDER_QUERY_RETURNED_OPTION_ROOTS,BMED,148,2026-10-01T18:30:54.632Z,af4c1b092f11858a0a757cfba741ecf6132346dabf496955f7d8b6e5e5383acc
BMNZ,OCC_ETF_NAME_CBOE_ABSENT,,,,,true,BMNZ,DEFIANCE DAILY TARGET 2X SHORT BMNR ETF,PROVIDER_QUERY_RETURNED_OPTION_ROOTS,BMNZ,146,2026-10-01T18:30:57.081Z,b47ebd531a0ef81da90a6adfd70f5deff424849dd8f0287c0b7a9431b76cae0b
BNGE,OCC_ETF_NAME_CBOE_ABSENT,,,,,true,BNGE,FIRST TRUST S-NETWORK STREAMING AND GAMING ETF,PROVIDER_QUERY_RETURNED_OPTION_ROOTS,BNGE,148,2026-10-01T18:31:04.078Z,b9bbba882050774177745971ff8fca7bd78799b665ce36d8df27c79d1bd03681
BOAT,OCC_ETF_NAME_CBOE_ABSENT,,,,,true,BOAT,SONICSHARES GLOBAL SHIPPING ETF,PROVIDER_QUERY_RETURNED_OPTION_ROOTS,BOAT,124,2026-10-01T18:31:08.399Z,90c77a46135d06e9245307ed99ffbeda5b4f69c90c65fa07d9022b1afa9fc3b4
BPRO,OCC_ETF_NAME_CBOE_ABSENT,,,,,true,BPRO,BITWISE FNDS PROFICIO CURRENCY DEBASEMENT ETF,PROVIDER_QUERY_RETURNED_OPTION_ROOTS,BPRO,168,2026-10-01T18:31:17.392Z,77e0aefe9093d6f5717192f63ea79e3c8ecb1c30391b3d5c9d0960a89d9d6e0d
BTGD,OCC_ETF_NAME_CBOE_ABSENT,,,,,true,BTGD,Tidal Trust II STKd 100% Bitcoin & 100% Gold ETF,PROVIDER_QUERY_RETURNED_OPTION_ROOTS,BTGD,184,2026-10-01T18:31:40.978Z,9c9bae4f8d8cd14d6d5360022332fe51ae9a6337f8ee7c78450b4436aa86c020
BTRN,OCC_ETF_NAME_CBOE_ABSENT,,,,,true,BTRN,GLOBAL X BITCOIN TREND STRATEGY ETF,PROVIDER_QUERY_RETURNED_OPTION_ROOTS,BTRN,88,2026-10-01T18:31:44.062Z,2a019cd72fd389d7f74a0fba4fc9fc5fad1379c170da82750dad7f5f52bf6e80
BUCK,OCC_ETF_NAME_CBOE_ABSENT,,,,,true,BUCK,SIMPLIFY TREASURY OPTION INCOME ETF,PROVIDER_QUERY_RETURNED_OPTION_ROOTS,BUCK,88,2026-10-01T18:31:46.151Z,543adde81aae1fbd4474080bc33b42675bd898abeb983108766786a2146a157d
BUL,OCC_ETF_NAME_CBOE_ABSENT,,,,,true,BUL,PACER US CASH COWS GROWTH ETF,PROVIDER_QUERY_RETURNED_OPTION_ROOTS,BUL,200,2026-10-01T18:31:47.594Z,3845baab82451ce1d768a4fe8b1dba9c6592a7c23c35a89d0a1e5cd94bf89e51
BUYZ,OCC_ETF_NAME_CBOE_ABSENT,,,,,true,BUYZ,FRANKLIN DISRUPTIVE COMMERCE ETF,PROVIDER_QUERY_RETURNED_OPTION_ROOTS,BUYZ,96,2026-10-01T18:31:50.677Z,c67c275038bc37434f0b5c1ec7b4e194786624fcd6d993d5c2eba23e5cac382a
CAFG,OCC_ETF_NAME_CBOE_ABSENT,,,,,true,CAFG,PACER US SMALL CAP CASH COWS GROWTH LEADERS ETF,PROVIDER_QUERY_RETURNED_OPTION_ROOTS,CAFG,96,2026-10-01T18:32:13.752Z,142329295532ef74856e3e93f433e06f7b162188aa0256e0ec86fd79566dc068
CARZ,OCC_ETF_NAME_CBOE_ABSENT,,,,,true,CARZ,First Tr Exch-Traded Fund II First Tr S-Net ETF,PROVIDER_QUERY_RETURNED_OPTION_ROOTS,CARZ,246,2026-10-01T18:32:24.841Z,91c3128d04a1b6b2e361e03ef7b8ca617071a66da451aa69ee790f381cffe3b2
CCML,OCC_ETF_NAME_CBOE_ABSENT,,,,,true,CCML,ROUNDHILL MLCC & ELECTRONIC COMPONENTS ETF,PROVIDER_QUERY_RETURNED_OPTION_ROOTS,CCML,174,2026-10-01T18:32:48.548Z,7b82a58857ff82c14837b64befce3166febbf8587fc38cef58b37f35add02abc
CCOR,OCC_ETF_NAME_CBOE_ABSENT,,,,,true,CCOR,CORE ALTERNATIVE ETF,PROVIDER_QUERY_RETURNED_OPTION_ROOTS,CCOR,104,2026-10-01T18:32:50.520Z,ab7215fd2d4f70ed789e5aa5301bbe4fcb44ec39dbe5b818c379d628f8f7d178
CDL,OCC_ETF_NAME_CBOE_ABSENT,,,,,true,CDL,VICTORYSHARES US LARGE CAP HIGH DIV VOLATILITY ETF,PROVIDER_QUERY_RETURNED_OPTION_ROOTS,CDL,120,2026-10-01T18:32:55.042Z,961aa17f50d061ccfd89731e04812ca589e083ab3a58b964442f1d58d0ddee8f
CHPS,OCC_ETF_NAME_CBOE_ABSENT,,,,,true,CHPS,XTRACKERS SEMICONDUCTOR SELECT EQUITY ETF,PROVIDER_QUERY_RETURNED_OPTION_ROOTS,CHPS,302,2026-10-01T18:33:26.363Z,91b6addfdeebeb4152f4a53226d5787e80d6ab0011cc43abdf78336074ed4bcf
CIFG,OCC_ETF_NAME_CBOE_ABSENT,,,,,true,CIFG,THEMES ETF LEVERAGE SHARES 2X LONG CIFR DAILY ETF,PROVIDER_QUERY_RETURNED_OPTION_ROOTS,CIFG,140,2026-10-01T18:33:34.826Z,e33aa4210b98a597630b0154a02c969485e5423b67d7516a2a788acf5796ecd8
CLIP,OCC_ETF_NAME_CBOE_ABSENT,,,,,true,CLIP,GLOBAL X 1-3 MONTH T-BILL ETF,PROVIDER_QUERY_RETURNED_OPTION_ROOTS,CLIP,240,2026-10-01T18:33:45.923Z,55d194e5d2e210fee35c9878e93d1f515f2441dd9f7d2d022c7888e7aec7fa51
CLIX,OCC_ETF_NAME_CBOE_ABSENT,,,,,true,CLIX,PROSHARES LONG ONLINE SHORT STORES ETF,PROVIDER_QUERY_RETURNED_OPTION_ROOTS,CLIX,200,2026-10-01T18:33:46.403Z,c3ceb593d81a569adc80c8ef0b683c4a5b1a0293144be946b6f7cdef4ad4bb1d
CMCI,OCC_ETF_NAME_CBOE_ABSENT,,,,,true,CMCI,VANECK CMCI COMMODITY STRATEGY ETF,PROVIDER_QUERY_RETURNED_OPTION_ROOTS,CMCI,98,2026-10-01T18:33:57.472Z,1be65cbd23a61f0089b7599d303b4d152e2310181f31b832ec2ed57bb46b15ad
CMDT,OCC_ETF_NAME_CBOE_ABSENT,,,,,true,CMDT,PIMCO COMMODITY STRATEGY ACTIVE ETF,PROVIDER_QUERY_RETURNED_OPTION_ROOTS,CMDT,128,2026-10-01T18:34:00.022Z,8f60539986b8b95c7473b086a41a1dc17bcab1764e561f457d019aec2ed4a419
COPZ,OCC_ETF_NAME_CBOE_ABSENT,,,,,true,COPZ,DEFIANCE DAILY TARGET 2X LONG COPPER MINERS ETF,PROVIDER_QUERY_RETURNED_OPTION_ROOTS,COPZ,142,2026-10-01T18:34:38.990Z,12a9aa9ebbc7c2309dff6fb6da3323195b0b3bf80a49cb232fef59f4d76054da
CQQQ,OCC_ETF_NAME_CBOE_ABSENT,,,,,true,CQQQ,INVESCO CHINA TECHNOLOGY ETF,PROVIDER_QUERY_RETURNED_OPTION_ROOTS,CQQQ,170,2026-10-01T18:35:00.538Z,2a885862105695d93889c44861d74bd5119fd5828fcb000900d5e12e647a3df9
CRBN,OCC_ETF_NAME_CBOE_ABSENT,,,,,true,CRBN,iShares Low Carbon Optimized MSCI ACWI ETF,PROVIDER_QUERY_RETURNED_OPTION_ROOTS,CRBN,118,2026-10-01T18:35:03.173Z,aad82c8e315cf798d212861fe8f67109403e54a4a1cde5bb1a1732e9f3f4c0f2
CRCO,OCC_ETF_NAME_CBOE_ABSENT,,,,,true,CRCO,YIELDMAX CRCL OPTION INCOME STRATEGY ETF,PROVIDER_QUERY_RETURNED_OPTION_ROOTS,CRCO,222,2026-10-01T18:35:07.148Z,9fc7938239013b65982d4553217184cbb7cebbacb0ef281b4717594f503f5425
CRSH,OCC_ETF_NAME_CBOE_ABSENT,,,,,true,CRSH,YIELDMAX SHORT TSLA OPTION INCOME STRATEGY ETF,PROVIDER_QUERY_RETURNED_OPTION_ROOTS,CRSH,96,2026-10-01T18:35:19.133Z,20006b605ffdc122a7b2368fb3ee6e380d18fb697069006355b991109dd6e86c
CRTC,OCC_ETF_NAME_CBOE_ABSENT,,,,,true,CRTC,XTRACKERS US NATIONAL CRITICAL TECHNOLOGIES ETF,PROVIDER_QUERY_RETURNED_OPTION_ROOTS,CRTC,170,2026-10-01T18:35:20.667Z,bff1181e98e22fc3accea380d18fdcd40ddbc38784b52836136f9beb39ad98b3
CTEX,OCC_ETF_NAME_CBOE_ABSENT,,,,,true,CTEX,PROSHARES S&P KENSHO CLEANTECH ETF,PROVIDER_QUERY_RETURNED_OPTION_ROOTS,CTEX,172,2026-10-01T18:35:38.265Z,4f869219a784f62507a545e057212db9313448bdb459fe1dec769b994eb2abe6
CWS,OCC_ETF_NAME_CBOE_ABSENT,,,,,true,CWS,ADVISORSHARES FOCUSED EQUITY ETF,PROVIDER_QUERY_RETURNED_OPTION_ROOTS,CWS,116,2026-10-01T18:36:04.776Z,43b6935a3355c4e638708009a3f1e4734b1530dbaadf0e48884f107a14e4e3d5
DAT,OCC_ETF_NAME_CBOE_ABSENT,,,,,true,DAT,PROSHARES BIG DATA REFINERS ETF,PROVIDER_QUERY_RETURNED_OPTION_ROOTS,DAT,142,2026-10-01T18:36:18.336Z,b9e61fdd6817fc495aa1649c48c3b7833676769c5ac23a23a8762ed3add67bfe
DAX,OCC_ETF_NAME_CBOE_ABSENT,,,,,true,DAX,GLOBAL X DAX GERMANY ETF,PROVIDER_QUERY_RETURNED_OPTION_ROOTS,DAX,168,2026-10-01T18:36:19.910Z,7dbec6aa35bc8baebd2fcc492cbab5dfe85484b6b30c1dc30191f65e9afb96a9
DBEM,OCC_ETF_NAME_CBOE_ABSENT,,,,,true,DBEM,XTRACKERS MSCI EMERGING MARKETS HEDGED EQUITY ETF,PROVIDER_QUERY_RETURNED_OPTION_ROOTS,DBEM,108,2026-10-01T18:36:23.913Z,2c7b7e6b41a903c9cb19e13b9e5461169f111eabbfe2c4a8f6ae3688686ee719
DBEZ,OCC_ETF_NAME_CBOE_ABSENT,,,,,true,DBEZ,XTRACKERS MSCI EUROZONE HEDGED EQUITY ETF,PROVIDER_QUERY_RETURNED_OPTION_ROOTS,DBEZ,114,2026-10-01T18:36:24.899Z,50cd50130c1f874613bdcbfc623c935479733815fadc69314b3f47f1b2815ee4
DECO,OCC_ETF_NAME_CBOE_ABSENT,,,,,true,DECO,State Street Galaxy Digital Asset Ecosystem ETF,PROVIDER_QUERY_RETURNED_OPTION_ROOTS,DECO,268,2026-10-01T18:36:39.412Z,5aa08c4db467f3dbe8465b33344a205bbb9fc0718539ccb611b119c28ed1e32d
DEUS,OCC_ETF_NAME_CBOE_ABSENT,,,,,true,DEUS,XTRACKERS RUSSELL US MULTIFACTOR ETF,PROVIDER_QUERY_RETURNED_OPTION_ROOTS,DEUS,200,2026-10-01T18:36:44.501Z,275edfd309a7c3eaa70bf2dec4477d480cf1c125fdc08acd4a096869e03c0b23
DFAW,OCC_ETF_NAME_CBOE_ABSENT,,,,,true,DFAW,DIMENSIONAL WORLD EQUITY ETF,PROVIDER_QUERY_RETURNED_OPTION_ROOTS,DFAW,104,2026-10-01T18:36:48.021Z,fcb33c6675a8680747e002dbda55910adfe8624bcff531da695692c739c50cc3
DFGR,OCC_ETF_NAME_CBOE_ABSENT,,,,,true,DFGR,DIMENSIONAL GLOBAL REAL ESTATE ETF,PROVIDER_QUERY_RETURNED_OPTION_ROOTS,DFGR,88,2026-10-01T18:36:50.433Z,72c8b9524b7dbe7957b9ee5f3dca0545b487a089ec1577d04e676ac620a50f57
DFIS,OCC_ETF_NAME_CBOE_ABSENT,,,,,true,DFIS,DIMENSIONAL INTERNATIONAL SMALL CAP ETF,PROVIDER_QUERY_RETURNED_OPTION_ROOTS,DFIS,88,2026-10-01T18:36:52.940Z,a4d6c9d3017be1f5eb78e69f6e3a39470793d6fe80c4ea70231efde67b19f41e
DFLV,OCC_ETF_NAME_CBOE_ABSENT,,,,,true,DFLV,DIMENSIONAL US LARGE CAP VALUE ETF,PROVIDER_QUERY_RETURNED_OPTION_ROOTS,DFLV,104,2026-10-01T18:36:54.517Z,5b5df19e6928ba0564709eaa30f2288af7ea11e6f19151550b2e2c684fd68ff1
DFSU,OCC_ETF_NAME_CBOE_ABSENT,,,,,true,DFSU,DIMENSIONAL US SUSTAINABILITY CORE 1 ETF,PROVIDER_QUERY_RETURNED_OPTION_ROOTS,DFSU,96,2026-10-01T18:36:55.513Z,afdee2b38523e1547b0e88277bfd7f83c8da7c2dca6e24b03699621a487874ea
DFVX,OCC_ETF_NAME_CBOE_ABSENT,,,,,true,DFVX,DIMENSIONAL US LARGE CAP VECTOR ETF,PROVIDER_QUERY_RETURNED_OPTION_ROOTS,DFVX,102,2026-10-01T18:36:57.997Z,91c089e219a2c9cbb363db7a1441f92c256beed5112a73c55fb198ffbbf0f1ae
DGIN,OCC_ETF_NAME_CBOE_ABSENT,,,,,true,DGIN,VANECK DIGITAL INDIA ETF,PROVIDER_QUERY_RETURNED_OPTION_ROOTS,DGIN,168,2026-10-01T18:37:00.038Z,f6146d4f8262454d2b0b18f968f5e233167a9d8f612aa52ac35fb0667b59cda4
DGT,OCC_ETF_NAME_CBOE_ABSENT,,,,,true,DGT,State Street SPDR Global Dow ETF,PROVIDER_QUERY_RETURNED_OPTION_ROOTS,DGT,228,2026-10-01T18:37:03.000Z,99cef35966eb81b4665b232094aab72306bbd3886c5b42bb66cfb8a12f8f6cfc
DICE,OCC_ETF_NAME_CBOE_ABSENT,,,,,true,DICE,TEMA TRADING & PREDICTION MARKETS ETF,PROVIDER_QUERY_RETURNED_OPTION_ROOTS,DICE,88,2026-10-01T18:37:08.996Z,e19c2a0cc309ba3571f10362152c1ebfd63c0e5e87b4f7671b0e86db53e9160f
DIHP,OCC_ETF_NAME_CBOE_ABSENT,,,,,true,DIHP,DIMENSIONAL INTERNATIONAL HIGH PROFITABILITY ETF,PROVIDER_QUERY_RETURNED_OPTION_ROOTS,DIHP,88,2026-10-01T18:37:10.051Z,b29b321c9bcb8677195c73e0199dc1fbe5e2da0a6d5bf3ab095b305a0e8f266f
DIPS,OCC_ETF_NAME_CBOE_ABSENT,,,,,true,DIPS,YIELDMAX SHORT NVDA OPTION INCOME STRATEGY ETF,PROVIDER_QUERY_RETURNED_OPTION_ROOTS,DIPS,116,2026-10-01T18:37:12.492Z,6911e7e3cf25e9f69bd7758aebf0b44ca0fe07569d8db7450092d0e3c22b37e5
DISV,OCC_ETF_NAME_CBOE_ABSENT,,,,,true,DISV,DIMENSIONAL INTERNATIONAL SMALL CAP VALUE ETF,PROVIDER_QUERY_RETURNED_OPTION_ROOTS,DISV,88,2026-10-01T18:37:14.814Z,a8a090cd396dcb71f0b33cf68c69b214697a33187a769745e12e4cdbd2b11da9
DIVB,OCC_ETF_NAME_CBOE_ABSENT,,,,,true,DIVB,iShares Core Dividend ETF,PROVIDER_QUERY_RETURNED_OPTION_ROOTS,DIVB,190,2026-10-01T18:37:15.596Z,cc43747a680d7d86c5179320cb7a7d1e23f0241636fb87d4797ef6d0041c3241
DJD,OCC_ETF_NAME_CBOE_ABSENT,,,,,true,DJD,INVESCO DOW JONES INDUSTRIAL AVERAGE DIVIDEND ETF,PROVIDER_QUERY_RETURNED_OPTION_ROOTS,DJD,200,2026-10-01T18:37:17.001Z,62bf422cd3b81a7c17a8764885e58f2e9407caac6d5c61580624ef919fca9425
DRAL,OCC_ETF_NAME_CBOE_ABSENT,,,,,true,DRAL,DEFIANCE DAILY TARGET 2X LONG DRAM ETF,PROVIDER_QUERY_RETURNED_OPTION_ROOTS,DRAL,180,2026-10-01T18:37:46.019Z,bbecc0f3bfbe5f24f3d1b8d91aa68f2edb9f6cc16c5108f01f4338ffcebc61ab
DRMP,OCC_ETF_NAME_CBOE_ABSENT,,,,,true,DRMP,TUTTLE CAPITAL MEMORY STACK INCOME BLAST ETF,PROVIDER_QUERY_RETURNED_OPTION_ROOTS,DRMP,136,2026-10-01T18:37:51.091Z,6d98b9dc306ee9c204004f2828c162811e2b082e576194a0bbb910fb4d251aff
DRMY,OCC_ETF_NAME_CBOE_ABSENT,,,,,true,DRMY,XFUNDS MEMORY INCOME ETF,PROVIDER_QUERY_RETURNED_OPTION_ROOTS,DRMY,218,2026-10-01T18:37:51.608Z,ac1fe536befa0f724d392cbd4d498321376626377ab20b63649022d88f32439c
DRSK,OCC_ETF_NAME_CBOE_ABSENT,,,,,true,DRSK,APTUS DEFINED RISK ETF,PROVIDER_QUERY_RETURNED_OPTION_ROOTS,DRSK,88,2026-10-01T18:37:53.602Z,aeb920ff21e525570f27cbd1312d45fdaf8dddea3c8f53aa5ce5cf8381751720
DSI,OCC_ETF_NAME_CBOE_ABSENT,,,,,true,DSI,iShares ESG MSCI KLD 400 ETF,PROVIDER_QUERY_RETURNED_OPTION_ROOTS,DSI,156,2026-10-01T18:37:58.116Z,fead186964f662ee0f4460274ff54af260d423eeddc4e78b591b05e0d0685936
DSMC,OCC_ETF_NAME_CBOE_ABSENT,,,,,true,DSMC,DISTILLATE SMALL MID CASH FLOW ETF,PROVIDER_QUERY_RETURNED_OPTION_ROOTS,DSMC,112,2026-10-01T18:37:59.127Z,3104e5166d489173d0175ec6b49ec127238af545f1e270d6410da8198d3e4bfa
DUOG,OCC_ETF_NAME_CBOE_ABSENT,,,,,true,DUOG|DUOG1,THEMES ETF LEVERAGE SHARES 2X LONG DUOL DAILY ETF|THEMES ETF LEVRGE SHRS 2X L DUOL DAILY ETF (1:10),PROVIDER_QUERY_RETURNED_OPTION_ROOTS,DUOG|DUOG1,260,2026-10-01T18:38:08.390Z,75191b09806af21bd25a3f0d36b9b5b5e72246cce498cc41000a8b39545dd664
DURA,OCC_ETF_NAME_CBOE_ABSENT,,,,,true,DURA,VANECK DURABLE HIGH DIVIDEND ETF,PROVIDER_QUERY_RETURNED_OPTION_ROOTS,DURA,148,2026-10-01T18:38:09.496Z,77adb9f4d7941ad1c41c8f1a09e6c243ecba2bfa7fc36a280982896eaf3eca03
EAGG,OCC_ETF_NAME_CBOE_ABSENT,,,,,true,EAGG,ISHARES ESG AWARE US AGGREGATE BOND ETF,PROVIDER_QUERY_RETURNED_OPTION_ROOTS,EAGG,88,2026-10-01T18:38:25.560Z,48bac0207ded9dc8150f716aba94635880d2b8e8bd2cadcd3de43b53cf2852e9
EART,OCC_ETF_NAME_CBOE_ABSENT,,,,,true,EART,Global X Rare Earth & Critical Materials ETF,PROVIDER_QUERY_RETURNED_OPTION_ROOTS,EART,178,2026-10-01T18:38:26.610Z,5e64740d403eddb3f2f41e2ae94e25be03b0f6c07688fa18dc5c4d06b7e10618
ECHX,OCC_ETF_NAME_CBOE_ABSENT,,,,,true,ECHX,Leverage Shares 2X Long ECHO Daily ETF,PROVIDER_QUERY_RETURNED_OPTION_ROOTS,ECHX,164,2026-10-01T18:38:33.373Z,81a78e1d350b8951a83d36bf56ef03e0af6d01ad448e3051d6040687b7b8dfb3
EDGQ,OCC_ETF_NAME_CBOE_ABSENT,,,,,true,EDGQ,GLOBAL X NASDAQ-100 INCOME EDGE ETF,PROVIDER_QUERY_RETURNED_OPTION_ROOTS,EDGQ,148,2026-10-01T18:38:38.080Z,3346449b54ee227e6a848bd4b25811aab3af127b13691dcbed50ffb6e50d75a2
EDGX,OCC_ETF_NAME_CBOE_ABSENT,,,,,true,EDGX,GLOBAL X U.S. 500 INCOME EDGE ETF,PROVIDER_QUERY_RETURNED_OPTION_ROOTS,EDGX,148,2026-10-01T18:38:38.611Z,9ae8c3c822d912342c811f771f3e64d86bb1e39faed17ed088fc3a13582b8c62
EEMS,OCC_ETF_NAME_CBOE_ABSENT,,,,,true,EEMS,ISHARES MSCI EMERGING MARKETS SMALL CAP ETF,PROVIDER_QUERY_RETURNED_OPTION_ROOTS,EEMS,200,2026-10-01T18:38:43.653Z,753334aff1ace9e70314b3a44cf22d8b9076ac3c6f1ae233a8f35678a2369d74
EFAS,OCC_ETF_NAME_CBOE_ABSENT,,,,,true,EFAS,GLOBAL X MSCI SUPERDIVIDEND EAFE ETF,PROVIDER_QUERY_RETURNED_OPTION_ROOTS,EFAS,88,2026-10-01T18:38:48.239Z,c5ca7c047382c4db4bd8bf3b4ca5c2efd9e9292ed7c704031ce309300360ab48
EFAX,OCC_ETF_NAME_CBOE_ABSENT,,,,,true,EFAX,State St SPDR MSCI EAFE Fossil Fuel Res Free ETF,PROVIDER_QUERY_RETURNED_OPTION_ROOTS,EFAX,180,2026-10-01T18:38:49.190Z,8f1c618f5006a960f0878b75c3456605849b9bbcba5c3f5e65e85f0b64ce37a8
EIDO,OCC_ETF_NAME_CBOE_ABSENT,,,,,true,EIDO,iShares MSCI Indonesia ETF,PROVIDER_QUERY_RETURNED_OPTION_ROOTS,EIDO,152,2026-10-01T18:38:59.446Z,d21ee50257e41d514b41f832bb1d0a4d0c216a6b3c0fbeaa55556af7f8937ecc
EIPI,OCC_ETF_NAME_CBOE_ABSENT,,,,,true,EIPI,FT ENERGY INCOME PARTNERS ENHANCED INCOME ETF,PROVIDER_QUERY_RETURNED_OPTION_ROOTS,EIPI,168,2026-10-01T18:39:01.051Z,e2b8465ae961675d141e842b0b854cf9a26ed1ed8505dbbf57f15006525ed7fb
EMET,OCC_ETF_NAME_CBOE_ABSENT,,,,,true,EMET,VanEck Copper and Electrification Metals ETF,PROVIDER_QUERY_RETURNED_OPTION_ROOTS,EMET,176,2026-10-01T18:39:13.105Z,4d232e9488d71c1d17d28ef8c6c463557126fbe7e1aac527455ff5e39e5dc434
EMGF,OCC_ETF_NAME_CBOE_ABSENT,,,,,true,EMGF,iShares Emerging Markets Equity Factor ETF,PROVIDER_QUERY_RETURNED_OPTION_ROOTS,EMGF,232,2026-10-01T18:39:13.610Z,de230c20f3fbd8240c65e602ebf7c689b7854b6206854076c03b38fea0a8deeb
EMTY,OCC_ETF_NAME_CBOE_ABSENT,,,,,true,EMTY|EMTY1,PROSHARES DECLINE OF THE RETAIL STORE ETF|PROSHARES DECLINE OF THE RETAIL STORE ETF(1:2),PROVIDER_QUERY_RETURNED_OPTION_ROOTS,EMTY|EMTY1,110,2026-10-01T18:39:17.167Z,24fd1a2996cd19949ea0f5ff0e36d7601925e1f9639ddbf2a63e6146050a1ca1
EMXC,OCC_ETF_NAME_CBOE_ABSENT,,,,,true,EMXC,ISHARES MSCI EMERGING MARKETS EX CHINA ETF,PROVIDER_QUERY_RETURNED_OPTION_ROOTS,EMXC,246,2026-10-01T18:39:17.692Z,ccb83dda1b2c29b5160e787c1355aae5dfc89094cd90d6d415794a57c3360eab
ENFR,OCC_ETF_NAME_CBOE_ABSENT,,,,,true,ENFR,ALERIAN ENERGY INFRASTRUCTURE ETF,PROVIDER_QUERY_RETURNED_OPTION_ROOTS,ENFR,168,2026-10-01T18:39:18.710Z,0a0296383a03ee9b6727335b7a3a29390c3e23c39ae568c70a09cf283832e3ae
EQAL,OCC_ETF_NAME_CBOE_ABSENT,,,,,true,EQAL,INVESCO RUSSELL 1000 EQUAL WEIGHT ETF,PROVIDER_QUERY_RETURNED_OPTION_ROOTS,EQAL,176,2026-10-01T18:39:35.811Z,326951e339b0dbf95dc9f1d244653ce7a37c911794dca5b51d7bafd576983b58
EQL,OCC_ETF_NAME_CBOE_ABSENT,,,,,true,EQL,ALPS EQUAL SECTOR WEIGHT ETF,PROVIDER_QUERY_RETURNED_OPTION_ROOTS,EQL,88,2026-10-01T18:39:37.750Z,1882e99e969268459ce2588325d2ac001ddadb9e215c7ad7528c6886427e8f55
EQWL,OCC_ETF_NAME_CBOE_ABSENT,,,,,true,EQWL,INVESCO S&P 100 EQUAL WEIGHT ETF,PROVIDER_QUERY_RETURNED_OPTION_ROOTS,EQWL,208,2026-10-01T18:39:40.259Z,67faf12c9a3676846628ea33928c21ea1239edf10cc4fcd05a95041813c48421
ERTH,OCC_ETF_NAME_CBOE_ABSENT,,,,,true,ERTH,INVESCO MSCI SUSTAINABLE FUTURE ETF,PROVIDER_QUERY_RETURNED_OPTION_ROOTS,ERTH,168,2026-10-01T18:39:44.335Z,da89c9de4fe55be84f9fe51fa8b7e9d9278c4ce8e0ea2b2fc131f2f61beb8cad
ESGU,OCC_ETF_NAME_CBOE_ABSENT,,,,,true,ESGU,iShares Trust iShares ESG Aware MSCI USA ETF,PROVIDER_QUERY_RETURNED_OPTION_ROOTS,ESGU,192,2026-10-01T18:39:48.339Z,f21ec1b0db3f77d11a076914bdfda01c4b39aa2269217065f47c42ec0d057759
ESGV,OCC_ETF_NAME_CBOE_ABSENT,,,,,true,ESGV,VANGUARD ESG U.S. STOCK ETF,PROVIDER_QUERY_RETURNED_OPTION_ROOTS,ESGV,188,2026-10-01T18:39:48.871Z,4bdc6b01aa21a0691d8459e733a87bb239e35732e8ae1ad9f7efc0687733e47c
ESML,OCC_ETF_NAME_CBOE_ABSENT,,,,,true,ESML,ISHARES ESG AWARE MSCI USA SMALL-CAP ETF,PROVIDER_QUERY_RETURNED_OPTION_ROOTS,ESML,214,2026-10-01T18:39:50.330Z,697e368e663d8da21b24f0f0a27d2853ea7b9cc0799cb89eb5dbdb3f42d6db46
ETHB,OCC_ETF_NAME_CBOE_ABSENT,,,,,true,ETHB,ISHARES STAKED ETHEREUM TRUST ETF,PROVIDER_QUERY_RETURNED_OPTION_ROOTS,ETHB,228,2026-10-01T18:39:56.395Z,7f52ff9ffc4abe3732645776bc3c811a81d4720576c563199446ac8500a845b9
EVX,OCC_ETF_NAME_CBOE_ABSENT,,,,,true,EVX,VanEck Environmental Services ETF,PROVIDER_QUERY_RETURNED_OPTION_ROOTS,EVX,168,2026-10-01T18:40:14.406Z,99103583bfabd54df065072c8f79901b5fdcb1d0b18249f84071e4cce55a046a
EWUS,OCC_ETF_NAME_CBOE_ABSENT,,,,,true,EWUS,ISHARES MSCI UNITED KINGDOM SMALL CAP ETF,PROVIDER_QUERY_RETURNED_OPTION_ROOTS,EWUS,168,2026-10-01T18:40:24.424Z,b3f3135c2be87ddec8a824376dafb0e640d7af9410ec3ce1e816d2410356679c
EXI,OCC_ETF_NAME_CBOE_ABSENT,,,,,true,EXI,ISHARES GLOBAL INDUSTRIALS ETF,PROVIDER_QUERY_RETURNED_OPTION_ROOTS,EXI,262,2026-10-01T18:40:30.019Z,200cf83adb99402c481629742a11885d84aa3c3e11dd028fe7e45d5817e47760
FBCG,OCC_ETF_NAME_CBOE_ABSENT,,,,,true,FBCG,FIDELITY BLUE CHIP GROWTH ETF,PROVIDER_QUERY_RETURNED_OPTION_ROOTS,FBCG,196,2026-10-01T18:40:46.073Z,30f1fbb9da8bb6cdbdc13f8c0e784874287a54e04027ec1335a51c80397b6bf5
FCPI,OCC_ETF_NAME_CBOE_ABSENT,,,,,true,FCPI,FIDELITY STOCKS FOR INFLATION ETF,PROVIDER_QUERY_RETURNED_OPTION_ROOTS,FCPI,96,2026-10-01T18:40:59.127Z,0914fcb4498835939ccf96f699a3c870cde9de461a799a796564a92db326a71d
FDCF,OCC_ETF_NAME_CBOE_ABSENT,,,,,true,FDCF,FIDELITY DISRUPTIVE COMMUNICATIONS ETF,PROVIDER_QUERY_RETURNED_OPTION_ROOTS,FDCF,184,2026-10-01T18:41:00.912Z,e814ceb7c760cc81cbd1461b073368c977d4875ecb7315cce0d398e9e45bbb5e
FDFF,OCC_ETF_NAME_CBOE_ABSENT,,,,,true,FDFF,FIDELITY DISRUPTIVE FINANCE ETF,PROVIDER_QUERY_RETURNED_OPTION_ROOTS,FDFF,168,2026-10-01T18:41:02.078Z,be9e6afc9460f818a24e06a41831f79a3f79119d8633e5fc87da0b071ac68018
FDIQ,OCC_ETF_NAME_CBOE_ABSENT,,,,,true,FDIQ,Invesco Bloomberg Financial Data Providers ETF,PROVIDER_QUERY_RETURNED_OPTION_ROOTS,FDIQ,200,2026-10-01T18:41:03.084Z,c84a67b272ad4cd0d9a8a572e4d9606c85616c6fbafb4311b311b21ae95e2e62
FDRR,OCC_ETF_NAME_CBOE_ABSENT,,,,,true,FDRR,FIDELITY DIVIDEND ETF FOR RISING RATES,PROVIDER_QUERY_RETURNED_OPTION_ROOTS,FDRR,112,2026-10-01T18:41:07.087Z,74779595f8420f87329c6a5e70acc02c9170ca5be5c15a59dd356e8970ab592e
FDRS,OCC_ETF_NAME_CBOE_ABSENT,,,,,true,FDRS,CORGI ETF TRUST I FOUNDER-LED ETF,PROVIDER_QUERY_RETURNED_OPTION_ROOTS,FDRS,166,2026-10-01T18:41:07.706Z,e1fe8376411fa6f9c487413280ceaa3789d621ceb71d4d4627d7ba98052e5495
FDTX,OCC_ETF_NAME_CBOE_ABSENT,,,,,true,FDTX,FIDELITY DISRUPTIVE TECHNOLOGY ETF,PROVIDER_QUERY_RETURNED_OPTION_ROOTS,FDTX,250,2026-10-01T18:41:09.671Z,d82e156806a0054ac925abc5b689621757337ed8725644a4f0ff6313f4cee8db
FDV,OCC_ETF_NAME_CBOE_ABSENT,,,,,true,FDV,FEDERATED HERMES ETF TRUST US STRATEGIC DIV,PROVIDER_QUERY_RETURNED_OPTION_ROOTS,FDV,172,2026-10-01T18:41:10.757Z,d5be588f1effc5d87b73ab28ffbcb937c2bc0b24a132cdef683466f21d6bc92b
FEAC,OCC_ETF_NAME_CBOE_ABSENT,,,,,true,FEAC,FIDELITY ENHANCED U.S. ALL-CAP EQUITY ETF,PROVIDER_QUERY_RETURNED_OPTION_ROOTS,FEAC,88,2026-10-01T18:41:13.132Z,1cdd9fbcf678e31b8499040f19c67aea2beee749e38a471b882df808bbbc972f
FEMR,OCC_ETF_NAME_CBOE_ABSENT,,,,,true,FEMR,FIDELITY ENHANCED EMERGING MARKETS ETF,PROVIDER_QUERY_RETURNED_OPTION_ROOTS,FEMR,96,2026-10-01T18:41:16.676Z,c65aa216383f39e1c9d56293e55416c0a29e82a2ab18470e88aa64aaa6dccdaa
FESM,OCC_ETF_NAME_CBOE_ABSENT,,,,,true,FESM,Fidelity Enhanced Small Cap Core ETF,PROVIDER_QUERY_RETURNED_OPTION_ROOTS,FESM,168,2026-10-01T18:41:20.811Z,140f01bed8d398b7b0a58d5f9c2a5f6523f1b3e0ec65b2f68790e18bcb9b8584
FITE,OCC_ETF_NAME_CBOE_ABSENT,,,,,true,FITE,State Street SPDR S&P Kensho Future Security ETF,PROVIDER_QUERY_RETURNED_OPTION_ROOTS,FITE,274,2026-10-01T18:41:43.536Z,2e714ee0f1b85c92d566bef6a0e2c81370e5767b1aa98e576bc06a2f46a9d984
FIW,OCC_ETF_NAME_CBOE_ABSENT,,,,,true,FIW,First Trust Water ETF,PROVIDER_QUERY_RETURNED_OPTION_ROOTS,FIW,218,2026-10-01T18:41:45.571Z,597e7dd0deb20352bc1bdba1c66d353a91787f72b047d6325b489fe1a16329af
FLBR,OCC_ETF_NAME_CBOE_ABSENT,,,,,true,FLBR,FRANKLIN FTSE BRAZIL ETF,PROVIDER_QUERY_RETURNED_OPTION_ROOTS,FLBR,88,2026-10-01T18:41:50.312Z,8570c26b9b79385da3477fc55a0db18f7b17fe21b148e7dc0c7feacfd1c15bc1
FLKR,OCC_ETF_NAME_CBOE_ABSENT,,,,,true,FLKR,FRANKLIN FTSE SOUTH KOREA ETF,PROVIDER_QUERY_RETURNED_OPTION_ROOTS,FLKR,254,2026-10-01T18:41:56.549Z,7eb3a13b0075c52f0624c814dc3f3bff8fb36ee227f3fd7861a3c3e6d837483f
FLQM,OCC_ETF_NAME_CBOE_ABSENT,,,,,true,FLQM,FRANKLIN U.S. MID CAP MULTIFACTOR INDEX ETF,PROVIDER_QUERY_RETURNED_OPTION_ROOTS,FLQM,200,2026-10-01T18:42:02.568Z,16794d241a45084b878fdd9c027bc9943b3c00abf3571dbdcd56c5a34ae3082c
FMED,OCC_ETF_NAME_CBOE_ABSENT,,,,,true,FMED,FIDELITY DISRUPTIVE MEDICINE ETF,PROVIDER_QUERY_RETURNED_OPTION_ROOTS,FMED,168,2026-10-01T18:42:11.294Z,10be9e7814cc8b45baa248efe0447c240a9d2b36c397489343cb93cae1898038
FNDC,OCC_ETF_NAME_CBOE_ABSENT,,,,,true,FNDC,Schwab Fundamental International Small Equity ETF,PROVIDER_QUERY_RETURNED_OPTION_ROOTS,FNDC,96,2026-10-01T18:42:16.305Z,0b6f6a832fb84251f5c452fb4f83187a4a97ec77fdb5eb96814a9411478cb81f
FPWR,OCC_ETF_NAME_CBOE_ABSENT,,,,,true,FPWR,First Trust EIP Power Solutions ETF,PROVIDER_QUERY_RETURNED_OPTION_ROOTS,FPWR,124,2026-10-01T18:42:31.988Z,adf14b51ddae6175946ae12c9d7ed79852ad257e8059f04c8d35ba4bf78c8232
FPXE,OCC_ETF_NAME_CBOE_ABSENT,,,,,true,FPXE,FIRST TRUST IPOX EUROPE EQUITY OPPORTUNITIES ETF,PROVIDER_QUERY_RETURNED_OPTION_ROOTS,FPXE,88,2026-10-01T18:42:32.985Z,55ec76208012019547f640c674ff852c49ca1b20e891e9375f0fe4b765109a9f
FSMB,OCC_ETF_NAME_CBOE_ABSENT,,,,,true,FSMB,FIRST TRUST SHORT DURATION MANAGED MUNICIPAL ETF,PROVIDER_QUERY_RETURNED_OPTION_ROOTS,FSMB,166,2026-10-01T18:42:45.039Z,9343959b20aa2869fca2a8f7f1291c8fe8678081f8afac9168030bf05554e714
FTHI,OCC_ETF_NAME_CBOE_ABSENT,,,,,true,FTHI,FIRST TRUST BUYWRITE INCOME ETF,PROVIDER_QUERY_RETURNED_OPTION_ROOTS,FTHI,88,2026-10-01T18:42:55.059Z,72957f20850f721450b6660a9eb00ef98a75a2d8c6ebb5003f6d2e2766f5f91b
FTLS,OCC_ETF_NAME_CBOE_ABSENT,,,,,true,FTLS,FIRST TRUST LONG SHORT EQUITY ETF,PROVIDER_QUERY_RETURNED_OPTION_ROOTS,FTLS,200,2026-10-01T18:42:57.098Z,8ecc9db71d5b6ddf8531a9f95179b3d5e87e8b3a1770c87642b2f5b700d6cc58
FTRI,OCC_ETF_NAME_CBOE_ABSENT,,,,,true,FTRI,First Trust Indxx Global Nat Res Income ETF,PROVIDER_QUERY_RETURNED_OPTION_ROOTS,FTRI,168,2026-10-01T18:42:58.995Z,44486ad209fcbb27361317af057bf2aed031cef26126a369fb9ffab3139d7056
FTXG,OCC_ETF_NAME_CBOE_ABSENT,,,,,true,FTXG,FIRST TRUST NASDAQ FOOD & BEVERAGE ETF,PROVIDER_QUERY_RETURNED_OPTION_ROOTS,FTXG,168,2026-10-01T18:43:01.073Z,f331ddcc08052a9b0ddb11481a6e09a22d2188d63c20a78d06fe8a0da8101f3c
FTXH,OCC_ETF_NAME_CBOE_ABSENT,,,,,true,FTXH,FIRST TRUST NASDAQ PHARMACEUTICALS ETF,PROVIDER_QUERY_RETURNED_OPTION_ROOTS,FTXH,168,2026-10-01T18:43:01.544Z,3ca088e1358a593e7915b4e9f8c5ac3cc839d21bd312b8a433a84465f6638db2
FTXL,OCC_ETF_NAME_CBOE_ABSENT,,,,,true,FTXL,FIRST TRUST NASDAQ SEMICONDUCTOR ETF,PROVIDER_QUERY_RETURNED_OPTION_ROOTS,FTXL,368,2026-10-01T18:43:02.072Z,3e72ad9c2b6b4abbfebd43dc6a1be68dde59af98166212181e6b2e910a3e4752
FTXN,OCC_ETF_NAME_CBOE_ABSENT,,,,,true,FTXN,FIRST TRUST NASDAQ OIL & GAS ETF,PROVIDER_QUERY_RETURNED_OPTION_ROOTS,FTXN,168,2026-10-01T18:43:02.595Z,813c1ee6da9b5db8a750d9fbaeb47a5891fea7bb29fa0249f0cb931e75aaac63
FTXR,OCC_ETF_NAME_CBOE_ABSENT,,,,,true,FTXR,FIRST TRUST NASDAQ TRANSPORTATION ETF,PROVIDER_QUERY_RETURNED_OPTION_ROOTS,FTXR,168,2026-10-01T18:43:03.580Z,5aec646aeea200225033a51362cdb790c049b504d4e65093f0d3015aeaa6c16c
FUMB,OCC_ETF_NAME_CBOE_ABSENT,,,,,true,FUMB,FIRST TRUST ULTRA SHORT DURATION MUNICIPAL ETF,PROVIDER_QUERY_RETURNED_OPTION_ROOTS,FUMB,88,2026-10-01T18:43:06.100Z,3f18e1b0e4b182709afd60fbca7377a3ddeeb03c66d64482d632728e267a5045
FVAL,OCC_ETF_NAME_CBOE_ABSENT,,,,,true,FVAL,FIDELITY VALUE FACTOR ETF,PROVIDER_QUERY_RETURNED_OPTION_ROOTS,FVAL,120,2026-10-01T18:43:09.029Z,c95dcd3047b9191ec02ac76c29d98dab9e0b824651f0bc4de2a1af142b18bcc7
FYLD,OCC_ETF_NAME_CBOE_ABSENT,,,,,true,FYLD,CAMBRIA FOREIGN SHAREHOLDER YIELD ETF,PROVIDER_QUERY_RETURNED_OPTION_ROOTS,FYLD,88,2026-10-01T18:43:23.080Z,455829374e9473735843c3b7dfc519d8628311a0e2b497937ddc8bbbc3442c42
GAMR,OCC_ETF_NAME_CBOE_ABSENT,,,,,true,GAMR,Amplify Video Game Leaders ETF,PROVIDER_QUERY_RETURNED_OPTION_ROOTS,GAMR,192,2026-10-01T18:43:27.598Z,04edf3474f8c15ef366be31b486b317c87bd71ed029fd13ff03b999c57ceff47
GBUG,OCC_ETF_NAME_CBOE_ABSENT,,,,,true,GBUG,SPROTT ACTIVE GOLD & SILVER MINERS ETF,PROVIDER_QUERY_RETURNED_OPTION_ROOTS,GBUG,226,2026-10-01T18:43:34.154Z,fae5e6b85cc0549d4252f9dad48ae75a7baf109d1e207e9b645c2a7f39024493
GDOC,OCC_ETF_NAME_CBOE_ABSENT,,,,,true,GDOC,GOLDMAN SACHS FUTURE HEALTH CARE EQUITY ETF,PROVIDER_QUERY_RETURNED_OPTION_ROOTS,GDOC,106,2026-10-01T18:43:40.151Z,537055bc7e15f9f11f76125f398ce494c62df856686bbd83b90b1df6463317ba
GEVG,OCC_ETF_NAME_CBOE_ABSENT,,,,,true,GEVG,THEMES ETF LEVERAGE SHARES 2X LONG GEV DAILY ETF,PROVIDER_QUERY_RETURNED_OPTION_ROOTS,GEVG,206,2026-10-01T18:43:53.545Z,a373d71bf2767fbc37c076442a12b50bd29b86c9c8c360dfcca2cda6c550f138
GGME,OCC_ETF_NAME_CBOE_ABSENT,,,,,true,GGME,Invesco Next Gen Media and Gaming ETF,PROVIDER_QUERY_RETURNED_OPTION_ROOTS,GGME,222,2026-10-01T18:44:00.077Z,24113075f5b2a64dd392d36f39cb3e2c6aa7ddf0ef26b2638b8c9886bd20f2be
GLIN,OCC_ETF_NAME_CBOE_ABSENT,,,,,true,GLIN,VanEck India Growth Leaders ETF,PROVIDER_QUERY_RETURNED_OPTION_ROOTS,GLIN,168,2026-10-01T18:44:13.649Z,142283fe07b01f73367a94c63ac2275e279826ddea7069e5716969d21f58159c
GOAU,OCC_ETF_NAME_CBOE_ABSENT,,,,,true,GOAU,U.S. GLOBAL GO GOLD AND PRECIOUS METAL MINERS ETF,PROVIDER_QUERY_RETURNED_OPTION_ROOTS,GOAU,134,2026-10-01T18:44:31.201Z,133372a89a1f3114059c820c94016c91333dfa1a8a16a30b5e7e0afe6290ed65
GOOP,OCC_ETF_NAME_CBOE_ABSENT,,,,,true,GOOP,KURV YIELD PREMIUM STRATEGY GOOGLE GOOGL ETF,PROVIDER_QUERY_RETURNED_OPTION_ROOTS,GOOP,136,2026-10-01T18:44:36.256Z,689734fc7f535bdd940508b244c93cdf559da0d7edabf0dd6c14156870e820d7
GOVZ,OCC_ETF_NAME_CBOE_ABSENT,,,,,true,GOVZ|GOVZ1,ISHARES 25 YEAR TREASURY STRIPS BOND ETF|ISHARES 25 YEAR TREASURY STRIPS BOND ETF (1:4),PROVIDER_QUERY_RETURNED_OPTION_ROOTS,GOVZ|GOVZ1,118,2026-10-01T18:44:41.189Z,bae80b28a7c8d448cf20b6e003080c7c79e0130676d916ad06c18aff8833840d
GPT,OCC_ETF_NAME_CBOE_ABSENT,,,,,true,GPT,EA Series Trust Intelligent Alpha Atlas ETF,PROVIDER_QUERY_RETURNED_OPTION_ROOTS,GPT,168,2026-10-01T18:44:48.311Z,c3e2880bc5d6c0fce97522db013051e8f709b8f0d2bee94058df1e65dee68a33
GPZ,OCC_ETF_NAME_CBOE_ABSENT,,,,,true,GPZ,VANECK ALTERNATIVE ASSET MANAGER ETF,PROVIDER_QUERY_RETURNED_OPTION_ROOTS,GPZ,168,2026-10-01T18:44:49.301Z,a0293d5b6d7ec79ed260a353d8695fb04b186a5a1f122f16fcffe55f4921e253
GRAG,OCC_ETF_NAME_CBOE_ABSENT,,,,,true,GRAG,THEMES ETF LEVERAGE SHARES 2X LONG GRAB DAILY ETF,PROVIDER_QUERY_RETURNED_OPTION_ROOTS,GRAG,106,2026-10-01T18:44:50.249Z,0e25c91ffd26320141fc1fe465ff6a30c9d12c5a8cf35b8e1df6a398a7d5fdb9
GRPM,OCC_ETF_NAME_CBOE_ABSENT,,,,,true,GRPM,Invesco S&P MidCap 400 GARP ETF,PROVIDER_QUERY_RETURNED_OPTION_ROOTS,GRPM,306,2026-10-01T18:44:59.331Z,7aa3b9533ab530561d67c3f9068f376ec2544e3e0a03bad08bd1642b1c6b279d
GSEU,OCC_ETF_NAME_CBOE_ABSENT,,,,,true,GSEU,GOLDMAN SACHS ACTIVEBETA EUROPE EQUITY ETF,PROVIDER_QUERY_RETURNED_OPTION_ROOTS,GSEU,168,2026-10-01T18:45:03.788Z,a2cf2e7b1e08381a0a08c5d9728b464483cbe4d5620bbe69a104ae888a7d9cf6
GSPY,OCC_ETF_NAME_CBOE_ABSENT,,,,,true,GSPY,GOTHAM ENHANCED 500 ETF,PROVIDER_QUERY_RETURNED_OPTION_ROOTS,GSPY,96,2026-10-01T18:45:10.029Z,bb2265019cfd210a49dc5aa9700fe358df66297235f994770780fb1197310058
GSUI,OCC_ETF_NAME_CBOE_ABSENT,,,,,true,GSUI,GRAYSCALE SUI STAKING ETF,PROVIDER_QUERY_RETURNED_OPTION_ROOTS,GSUI,142,2026-10-01T18:45:10.534Z,64a3bc82e9811b38b92a58074d4a2c1325902438036056155e86e4625a3b8844
GSUS,OCC_ETF_NAME_CBOE_ABSENT,,,,,true,GSUS,GOLDMAN SACHS MARKETBETA U.S. EQUITY ETF,PROVIDER_QUERY_RETURNED_OPTION_ROOTS,GSUS,248,2026-10-01T18:45:11.026Z,f30b4e1e1cc0242c40fdd260c6cdd926726f4d94b0d9ef51efb3b61904338a24
GTEK,OCC_ETF_NAME_CBOE_ABSENT,,,,,true,GTEK,GOLDMAN SACHS FUTURE TECH LEADERS EQUITY ETF,PROVIDER_QUERY_RETURNED_OPTION_ROOTS,GTEK,216,2026-10-01T18:45:13.950Z,57fc2bb03cf5739775d26984f46e1a6b0ab1f1cbe9f59c52cb9b2e85a497315e
GXIG,OCC_ETF_NAME_CBOE_ABSENT,,,,,true,GXIG,GLOBAL X INVESTMENT GRADE CORPORATE BOND ETF,PROVIDER_QUERY_RETURNED_OPTION_ROOTS,GXIG,148,2026-10-01T18:45:25.017Z,2be095542b881f81b168c2dfb997964fa1180789c210b700d0340c2bd0ffbfc4
GXLC,OCC_ETF_NAME_CBOE_ABSENT,,,,,true,GXLC,GLOBAL X U.S. 500 ETF,PROVIDER_QUERY_RETURNED_OPTION_ROOTS,GXLC,200,2026-10-01T18:45:25.494Z,b815f9700ada5495ce8aed5ca7d777f786d3b2265d568e6d85bf3e584d403f12
GXPC,OCC_ETF_NAME_CBOE_ABSENT,,,,,true,GXPC,GLOBAL X PURECAP MSCI COMMUNICATION SERVICES ETF,PROVIDER_QUERY_RETURNED_OPTION_ROOTS,GXPC,148,2026-10-01T18:45:26.532Z,a94eb95aae9af211ef9c00618db6220efb48a7f4560a1cf4adf9631a77849354
GXPD,OCC_ETF_NAME_CBOE_ABSENT,,,,,true,GXPD,GLOBAL X PURECAP MSCI CONSUMER DISCRETIONARY ETF,PROVIDER_QUERY_RETURNED_OPTION_ROOTS,GXPD,148,2026-10-01T18:45:27.059Z,a60f1157e2710188fc265e1e8e2f5c8b04d4952ae00434787aca01bc0f203279
GXPE,OCC_ETF_NAME_CBOE_ABSENT,,,,,true,GXPE,GLOBAL X PURECAP MSCI ENERGY ETF,PROVIDER_QUERY_RETURNED_OPTION_ROOTS,GXPE,148,2026-10-01T18:45:27.579Z,627f89b73ff3da6e1152dda1323fbae6e11b46c0c039b57e7eaccda5de43830b
GXPS,OCC_ETF_NAME_CBOE_ABSENT,,,,,true,GXPS,GLOBAL X PURECAP MSCI CONSUMER STAPLES ETF,PROVIDER_QUERY_RETURNED_OPTION_ROOTS,GXPS,148,2026-10-01T18:45:27.968Z,dc8a14e7b72edd38094727e300688f2a148dd22dfd80da399e24221f76fd38e8
GXPT,OCC_ETF_NAME_CBOE_ABSENT,,,,,true,GXPT,GLOBAL X PURECAP MSCI INFORMATION TECHNOLOGY ETF,PROVIDER_QUERY_RETURNED_OPTION_ROOTS,GXPT,176,2026-10-01T18:45:28.459Z,321b718ba918c48c5d7a82dd787ebbb688332132fd13b5eb41404beaef771f4c
HAIL,OCC_ETF_NAME_CBOE_ABSENT,,,,,true,HAIL,State Street SPDR S&P Kensho Smart Mobility ETF,PROVIDER_QUERY_RETURNED_OPTION_ROOTS,HAIL,116,2026-10-01T18:45:33.019Z,8938bb6b06f37f9e595be8816ad40e0c4e42a0dd29b4515b3a8a73684489ef3d
HAP,OCC_ETF_NAME_CBOE_ABSENT,,,,,true,HAP,VanEck Natural Resources ETF,PROVIDER_QUERY_RETURNED_OPTION_ROOTS,HAP,200,2026-10-01T18:45:34.989Z,ccc4a291a2a3b9c66fb5d9cecff5d9f30a2bc521ca3664f027d140955b687c3f
HAUZ,OCC_ETF_NAME_CBOE_ABSENT,,,,,true,HAUZ,XTRACKERS INTERNATIONAL REAL ESTATE ETF,PROVIDER_QUERY_RETURNED_OPTION_ROOTS,HAUZ,148,2026-10-01T18:45:37.968Z,94f06debc1c7aaa85fd90880d610ec461f1d5fdc493fea7eeb6ef00b528d7db4
HDEF,OCC_ETF_NAME_CBOE_ABSENT,,,,,true,HDEF,XTRACKERS MSCI EAFE HIGH DIVIDEND YIELD EQUITY ETF,PROVIDER_QUERY_RETURNED_OPTION_ROOTS,HDEF,88,2026-10-01T18:45:48.104Z,dab5b309b49ea418bce0b9494c8541638ddb0a09810ecec1319ffcc81d0a818d
HDG,OCC_ETF_NAME_CBOE_ABSENT,,,,,true,HDG,PROSHARES HEDGE REPLICATION ETF,PROVIDER_QUERY_RETURNED_OPTION_ROOTS,HDG,200,2026-10-01T18:45:48.640Z,e1d1d2b1a9e8d60b7c32a8bc40b49de7a6f29ccde7609cf445da4570b969707c
HEEM,OCC_ETF_NAME_CBOE_ABSENT,,,,,true,HEEM,ISHARES CURRENCY HEDGED MSCI EMERGING MARKETS ETF,PROVIDER_QUERY_RETURNED_OPTION_ROOTS,HEEM,168,2026-10-01T18:45:52.030Z,c542d735ab3d1c37bb9b6a8ccca36642bf3d3e4be8ab35ee37341bcfddd84cda
HEQT,OCC_ETF_NAME_CBOE_ABSENT,,,,,true,HEQT,SIMPLIFY HEDGED EQUITY ETF,PROVIDER_QUERY_RETURNED_OPTION_ROOTS,HEQT,88,2026-10-01T18:45:56.611Z,f8e3be61b090375c5b89c1186eeba8795e8b643027bf688244c3e8747bfd3fde
HIGH,OCC_ETF_NAME_CBOE_ABSENT,,,,,true,HIGH,SIMPLIFY ENHANCED INCOME ETF,PROVIDER_QUERY_RETURNED_OPTION_ROOTS,HIGH,168,2026-10-01T18:46:05.190Z,e8fec07e59796be2595b75717abaf0b313aca9f076885d00c659ad27339aba16
HOMZ,OCC_ETF_NAME_CBOE_ABSENT,,,,,true,HOMZ,HOYA CAPITAL HOUSING ETF,PROVIDER_QUERY_RETURNED_OPTION_ROOTS,HOMZ,114,2026-10-01T18:46:22.898Z,47030bb368886b57ee7f1074f704f43a8fa42ada876425104e958a8b46fbf103
HRTS,OCC_ETF_NAME_CBOE_ABSENT,,,,,true,HRTS,Tema ETF Trust Tema Heart & Health ETF,PROVIDER_QUERY_RETURNED_OPTION_ROOTS,HRTS,168,2026-10-01T18:46:36.450Z,bec99ea1500c2aeb13c4dac9d0f5632d97f20ef74cc40b0957795c1f0484a1e9
HYBB,OCC_ETF_NAME_CBOE_ABSENT,,,,,true,HYBB,ISHARES BB RATED CORPORATE BOND ETF,PROVIDER_QUERY_RETURNED_OPTION_ROOTS,HYBB,148,2026-10-01T18:46:57.673Z,2376e35ce5bf813c1f4215d82be88a9cb301306a8c0fb414e06f4cbae3258497
HYEM,OCC_ETF_NAME_CBOE_ABSENT,,,,,true,HYEM,DIREXION DAILY GOOGL BEAR 1X SHARES ETF,PROVIDER_QUERY_RETURNED_OPTION_ROOTS,HYEM,88,2026-10-01T18:46:59.194Z,1f1eb0718500d19f16701d8fddfb18155b78117785b36902d9f9cd20a84540bf
HYPG,OCC_ETF_NAME_CBOE_ABSENT,,,,,true,HYPG,GRAYSCALE HYPERLIQUID STAKING ETF,PROVIDER_QUERY_RETURNED_OPTION_ROOTS,HYPG,192,2026-10-01T18:47:03.714Z,f91e20b025c059ddcbc055c8f7d538d4fcbb5a7fda147d41260850b85cdd7ad3
IAK,OCC_ETF_NAME_CBOE_ABSENT,,,,,true,IAK,ISHARES U.S. INSURANCE ETF,PROVIDER_QUERY_RETURNED_OPTION_ROOTS,IAK,258,2026-10-01T18:47:08.861Z,fe5394b622ce51fe8131389dc4d8c7ef655a299f2a0371393189f6ac95fd63e7
IBBQ,OCC_ETF_NAME_CBOE_ABSENT,,,,,true,IBBQ,INVESCO NASDAQ BIOTECHNOLOGY ETF,PROVIDER_QUERY_RETURNED_OPTION_ROOTS,IBBQ,108,2026-10-01T18:47:11.803Z,386d9bfe10b675fc77cfa9676c8b574d93d0b1a1587eee0401772485bc67f894
IBLC,OCC_ETF_NAME_CBOE_ABSENT,,,,,true,IBLC,ISHARES BLOCKCHAIN AND TECH ETF,PROVIDER_QUERY_RETURNED_OPTION_ROOTS,IBLC,232,2026-10-01T18:47:14.361Z,72009b04d96b241126d5149a40495007d5917afb099a7b9e4f6d679844d5f1be
IBOT,OCC_ETF_NAME_CBOE_ABSENT,,,,,true,IBOT,VANECK ROBOTICS ETF,PROVIDER_QUERY_RETURNED_OPTION_ROOTS,IBOT,222,2026-10-01T18:47:16.827Z,9e119f29882f7cca20831d77db177b7c4cf3b44e9a1fa343dc670757e37dea17
IBRN,OCC_ETF_NAME_CBOE_ABSENT,,,,,true,IBRN,ISHARES NEUROSCIENCE AND HEALTHCARE ETF,PROVIDER_QUERY_RETURNED_OPTION_ROOTS,IBRN,134,2026-10-01T18:47:17.831Z,8c8c59f6941cd6387648a50e08a22728b18d1c5a08fac2996d0acb3b61db93c3
IDEF,OCC_ETF_NAME_CBOE_ABSENT,,,,,true,IDEF,iShares Defense Industrials and Tech Active ETF,PROVIDER_QUERY_RETURNED_OPTION_ROOTS,IDEF,134,2026-10-01T18:47:27.404Z,6e7093bbd13034ffd85071e478b38210474da8ecdebf822ecf416a93a602ec8b
IDHQ,OCC_ETF_NAME_CBOE_ABSENT,,,,,true,IDHQ,INVESCO S&P INTERNATIONAL DEV HIGH QUALITY ETF,PROVIDER_QUERY_RETURNED_OPTION_ROOTS,IDHQ,186,2026-10-01T18:47:28.862Z,58fb9c00704f165d12e0e39a6c5e59d973b701210695a1e5f0d2cd9fe4ed5d59
IDUB,OCC_ETF_NAME_CBOE_ABSENT,,,,,true,IDUB,APTUS INTERNATIONAL ENHANCED YIELD ETF,PROVIDER_QUERY_RETURNED_OPTION_ROOTS,IDUB,88,2026-10-01T18:47:32.864Z,4a804fb35c9b26de23e73f9e1c26e1f8e6286d8437109b1bdf97ca1bd5dc0afe
IETC,OCC_ETF_NAME_CBOE_ABSENT,,,,,true,IETC,iShares U.S. Tech Independence Focused ETF,PROVIDER_QUERY_RETURNED_OPTION_ROOTS,IETC,186,2026-10-01T18:47:39.480Z,61a52a205fa37c7aae5b22011c5fa837416802d204b1c135570322ac3104e45b
IGPT,OCC_ETF_NAME_CBOE_ABSENT,,,,,true,IGPT,Invesco AI and Next Gen Software ETF,PROVIDER_QUERY_RETURNED_OPTION_ROOTS,IGPT,340,2026-10-01T18:47:49.502Z,c2ed89682725b17f773fd7e667ef5cbca38105d7f6d36b7245fc42f696ad126e
IGRO,OCC_ETF_NAME_CBOE_ABSENT,,,,,true,IGRO,ISHARES INTERNATIONAL DIVIDEND GROWTH ETF,PROVIDER_QUERY_RETURNED_OPTION_ROOTS,IGRO,200,2026-10-01T18:47:50.018Z,d503b8122e4b50d83680584dd291274efd16040b6fb7a6a72c8fe522b9312937
ILCB,OCC_ETF_NAME_CBOE_ABSENT,,,,,true,ILCB,ISHARES MORNINGSTAR U.S. EQUITY ETF,PROVIDER_QUERY_RETURNED_OPTION_ROOTS,ILCB,136,2026-10-01T18:47:59.983Z,7ad58d916ca864f6938feedb143f993a3bb41a32dbb00981a92757ea6cf966d0
IMTM,OCC_ETF_NAME_CBOE_ABSENT,,,,,true,IMTM,ISHARES MSCI INTL MOMENTUM FACTOR ETF,PROVIDER_QUERY_RETURNED_OPTION_ROOTS,IMTM,88,2026-10-01T18:48:10.226Z,ab8874bc61fb7d3bea5f8e290a79bc377591ca47afd2eb95f366ae4b031bce57
INCO,OCC_ETF_NAME_CBOE_ABSENT,,,,,true,INCO,COLUMBIA INDIA CONSUMER ETF,PROVIDER_QUERY_RETURNED_OPTION_ROOTS,INCO,124,2026-10-01T18:48:14.073Z,0f9e20649459568478ef52aa4002a11201b3b69185d685d7fe484c70d522d44c
INDY,OCC_ETF_NAME_CBOE_ABSENT,,,,,true,INDY,iShares India 50 ETF,PROVIDER_QUERY_RETURNED_OPTION_ROOTS,INDY,88,2026-10-01T18:48:18.597Z,490798ce7df8b72b3692579ef98fd12e4b2d0732c6a1c565b0b13928577816c9
INMU,OCC_ETF_NAME_CBOE_ABSENT,,,,,true,INMU,ISHARES INTERMEDIATE MUNI INCOME ACTIVE ETF,PROVIDER_QUERY_RETURNED_OPTION_ROOTS,INMU,88,2026-10-01T18:48:24.761Z,afcacc598e8b4220cb1f0a221a6c56afdaa8eceb7aee8f2e192e60894633cfed
INQQ,OCC_ETF_NAME_CBOE_ABSENT,,,,,true,INQQ,INQQ The India Internet ETF,PROVIDER_QUERY_RETURNED_OPTION_ROOTS,INQQ,88,2026-10-01T18:48:27.052Z,1ac717e5a978f982aa4382c354c0e07624cc5b0db5a0829c7f75dad40b874741
INRO,OCC_ETF_NAME_CBOE_ABSENT,,,,,true,INRO,ISHARES U.S. INDUSTRY ROTATION ACTIVE ETF,PROVIDER_QUERY_RETURNED_OPTION_ROOTS,INRO,96,2026-10-01T18:48:28.110Z,8e89ad6cc330f9fc0db874e0df4c3b61f90dfd59b65393e0947967c37af6fae3
ION,OCC_ETF_NAME_CBOE_ABSENT,,,,,true,ION,PROSHARES S&P GLOBAL CORE BATTERY METALS ETF,PROVIDER_QUERY_RETURNED_OPTION_ROOTS,ION,214,2026-10-01T18:48:37.669Z,e7b699045737566451af0613135a6fc6d70e3d786bd32d6831a621b5b485b22a
IPAY,OCC_ETF_NAME_CBOE_ABSENT,,,,,true,IPAY,Amplify Digital Payments ETF,PROVIDER_QUERY_RETURNED_OPTION_ROOTS,IPAY,178,2026-10-01T18:48:44.623Z,86d0aefe68c21110b166b0683227be28164ad451ae63e58f92816b6f95e55bf5
IPKW,OCC_ETF_NAME_CBOE_ABSENT,,,,,true,IPKW,INVESCO INTERNATIONAL BUYBACK ACHIEVERS ETF,PROVIDER_QUERY_RETURNED_OPTION_ROOTS,IPKW,200,2026-10-01T18:48:46.119Z,c42d7d621242b23ca2ea27b648235c9f387b93304cec4668a712edf214309be3
IQM,OCC_ETF_NAME_CBOE_ABSENT,,,,,true,IQM,FRANKLIN INTELLIGENT MACHINES ETF,PROVIDER_QUERY_RETURNED_OPTION_ROOTS,IQM,298,2026-10-01T18:48:51.166Z,c30ea1c4a029f07f8541618dcf82c8da3d8cfe5a06a62a9338ca9a10928edaac
ISHP,OCC_ETF_NAME_CBOE_ABSENT,,,,,true,ISHP,First Trst Exch-Traded Fnd S-Network E-Comm ETF,PROVIDER_QUERY_RETURNED_OPTION_ROOTS,ISHP,88,2026-10-01T18:49:01.264Z,85409a059b938af0827bd4a09761f6aaf9ba6cdfe7363585583784a93a6c963d
ITM,OCC_ETF_NAME_CBOE_ABSENT,,,,,true,ITM,VanEck Intermediate Muni ETF,PROVIDER_QUERY_RETURNED_OPTION_ROOTS,ITM,88,2026-10-01T18:49:07.409Z,adccb2e650ffc1cb3be0a25cf93f9248bb9663c04f89aeb75748cb55572d843f
ITWO,OCC_ETF_NAME_CBOE_ABSENT,,,,,true,ITWO,PROSHARES RUSSELL 2000 HIGH INCOME ETF,PROVIDER_QUERY_RETURNED_OPTION_ROOTS,ITWO,168,2026-10-01T18:49:11.335Z,ee8ef82e63bb0301702d409681aab5202e39d7e1f27d70d1cd95b56b9e496316
IVOG,OCC_ETF_NAME_CBOE_ABSENT,,,,,true,IVOG,VANGUARD S&P MID-CAP 400 GROWTH ETF,PROVIDER_QUERY_RETURNED_OPTION_ROOTS,IVOG,190,2026-10-01T18:49:15.417Z,8759f95ea460c27fe9b8a820bed4c7b2b0869e1ae2d5a63710bf10982d9c5ffe
IVOO,OCC_ETF_NAME_CBOE_ABSENT,,,,,true,IVOO,VANGUARD S&P MID-CAP 400 ETF,PROVIDER_QUERY_RETURNED_OPTION_ROOTS,IVOO,180,2026-10-01T18:49:16.351Z,aed47ba0487549890dbd03f0c2f421b355381183613855ed28dc0d2cefad0f62
IVOV,OCC_ETF_NAME_CBOE_ABSENT,,,,,true,IVOV,VANGUARD S&P MID-CAP 400 VALUE ETF,PROVIDER_QUERY_RETURNED_OPTION_ROOTS,IVOV,154,2026-10-01T18:49:16.858Z,bb61efc48c1cf16eb6906045bd047e0f2b46086224e5544aa086f1261a0f2c2f
IVVW,OCC_ETF_NAME_CBOE_ABSENT,,,,,true,IVVW,ISHARES S&P 500 BUYWRITE ETF,PROVIDER_QUERY_RETURNED_OPTION_ROOTS,IVVW,148,2026-10-01T18:49:19.421Z,7d87c4b111e4fdcefbe76e458a29f79ef8f2510b754982a68528fe82eb9c7afc
IWL,OCC_ETF_NAME_CBOE_ABSENT,,,,,true,IWL,ISHARES RUSSELL TOP 200 ETF,PROVIDER_QUERY_RETURNED_OPTION_ROOTS,IWL,242,2026-10-01T18:49:22.879Z,a93561aa7bb4bb20a557c4138f2412b7653ebe9e2646bd63e1dffa7454fe67fe
IWMW,OCC_ETF_NAME_CBOE_ABSENT,,,,,true,IWMW,ISHARES RUSSELL 2000 BUYWRITE ETF,PROVIDER_QUERY_RETURNED_OPTION_ROOTS,IWMW,88,2026-10-01T18:49:24.668Z,375f33ed156bd8a672289157e61b7cf7e227a6b23b8df76d4263e017a86ee7fe
IWY,OCC_ETF_NAME_CBOE_ABSENT,,,,,true,IWY,ISHARES RUSSELL TOP 200 GROWTH ETF,PROVIDER_QUERY_RETURNED_OPTION_ROOTS,IWY,272,2026-10-01T18:49:28.925Z,4fc13667959eeb6fc6a53b8da62beb50e276f8b1f6b113a77ae780305a3bd7f8
IYG,OCC_ETF_NAME_CBOE_ABSENT,,,,,true,IYG,iShares U.S. Financial Services ETF,PROVIDER_QUERY_RETURNED_OPTION_ROOTS,IYG,224,2026-10-01T18:49:34.430Z,6fffab9d337ba6631b3957d5bc61cd1328b262356ae7d9478c99d274ee13fba4
IYK,OCC_ETF_NAME_CBOE_ABSENT,,,,,true,IYK,iShares U.S. Consumer Staples ETF,PROVIDER_QUERY_RETURNED_OPTION_ROOTS,IYK,120,2026-10-01T18:49:35.929Z,b69e022c95bacbe60a5726b0ccb9a436f5bc0768d553cef7d43ccb877232a114
IYY,OCC_ETF_NAME_CBOE_ABSENT,,,,,true,IYY,ISHARES DOW JONES U.S. ETF,PROVIDER_QUERY_RETURNED_OPTION_ROOTS,IYY,254,2026-10-01T18:49:39.017Z,6f84dd0cefdf1840952681ab88721d0621c7615266faeab80ae038145be9c555
JCPB,OCC_ETF_NAME_CBOE_ABSENT,,,,,true,JCPB,JPMORGAN CORE PLUS BOND ETF,PROVIDER_QUERY_RETURNED_OPTION_ROOTS,JCPB,168,2026-10-01T18:49:51.084Z,b06f9d62d8145e02ff84da94cbae1706bf586eb60ebdeb9d0a792fcfff0a4639
JHMM,OCC_ETF_NAME_CBOE_ABSENT,,,,,true,JHMM,JOHN HANCOCK MULTIFACTOR MID CAP ETF,PROVIDER_QUERY_RETURNED_OPTION_ROOTS,JHMM,112,2026-10-01T18:49:56.649Z,c1a53d0a49e857803b4a11bafe792736c9d4ff47918abb0e336deafbbc464c23
JOET,OCC_ETF_NAME_CBOE_ABSENT,,,,,true,JOET,VIRTUS TERRANOVA US QUALITY MOMENTUM ETF,PROVIDER_QUERY_RETURNED_OPTION_ROOTS,JOET,168,2026-10-01T18:50:05.714Z,92d5af7fcd75a9cceec56328f3ce5c6f2c0b0e81ecf7c4ce8cd852be662b88ce
JPO,OCC_ETF_NAME_CBOE_ABSENT,,,,,true,JPO,YieldMax JP Option Income Strategy ETF,PROVIDER_QUERY_RETURNED_OPTION_ROOTS,JPO,148,2026-10-01T18:50:08.567Z,93501429228aa5343ac55bdc010d8dcd4fbfdcce0112128f4c035b11c5cb86bd
JSMD,OCC_ETF_NAME_CBOE_ABSENT,,,,,true,JSMD,JANUS HENDERSON SMALL MID CAP GROWTH ALPHA ETF,PROVIDER_QUERY_RETURNED_OPTION_ROOTS,JSMD,222,2026-10-01T18:50:11.585Z,5e87c0121be25903b124d04baefb22dd74ef40e068d7d00f0f9f44041f2ad7a2
JSML,OCC_ETF_NAME_CBOE_ABSENT,,,,,true,JSML,JANUS HENDERSON SMALL CAP GROWTH ALPHA ETF,PROVIDER_QUERY_RETURNED_OPTION_ROOTS,JSML,130,2026-10-01T18:50:12.176Z,d29365c1584a26977adca6364f8e377aa5ce578dab5738d42f59e4da4b277bb1
JSTC,OCC_ETF_NAME_CBOE_ABSENT,,,,,true,JSTC,ADASINA SOCIAL JUSTICE ALL CAP GLOBAL ETF,PROVIDER_QUERY_RETURNED_OPTION_ROOTS,JSTC,88,2026-10-01T18:50:13.155Z,1725ecbac841171e50b3cc8d7c4480fe106396fbab8a194991fe0f3b3d33c441
JUCY,OCC_ETF_NAME_CBOE_ABSENT,,,,,true,JUCY,APTUS ENHANCED YIELD ETF,PROVIDER_QUERY_RETURNED_OPTION_ROOTS,JUCY,88,2026-10-01T18:50:13.631Z,906ca26be4d6820d2756d6232e5754e40c5358c18ea545dd870388a986913396
JXI,OCC_ETF_NAME_CBOE_ABSENT,,,,,true,JXI,ISHARES GLOBAL UTILITIES ETF,PROVIDER_QUERY_RETURNED_OPTION_ROOTS,JXI,200,2026-10-01T18:50:15.080Z,2b71a525f5325524f972e7f8cd7f57a7a21b455f5f26c6104a46bb52c9954317
KEMQ,OCC_ETF_NAME_CBOE_ABSENT,,,,,true,KEMQ,KraneShares Pblc-Prvt Emrgng Mrkts Intrn&Tech ETF,PROVIDER_QUERY_RETURNED_OPTION_ROOTS,KEMQ,148,2026-10-01T18:50:29.161Z,0b782d3fe93a5a016391752d902192b27711c0731bd62d8a90e60e4224d34868
KLAG,OCC_ETF_NAME_CBOE_ABSENT,,,,,true,KLAG,THEMES ETF LEVERAGE SHARES 2X LONG KLAC DAILY ETF,PROVIDER_QUERY_RETURNED_OPTION_ROOTS,KLAG,222,2026-10-01T18:50:40.760Z,35f0005bdb648ccbdeaf35b9cb843fefbc81e446915811c0eb4fdc1f67fe770a
KLIP,OCC_ETF_NAME_CBOE_ABSENT,,,,,true,KLIP,KraneShares KWEB Covered Call Strategy ETF,PROVIDER_QUERY_RETURNED_OPTION_ROOTS,KLIP,98,2026-10-01T18:50:42.810Z,2dc3b4ac1d93c017d49e582572adcae65ab2ebcce336bb55b16ef14625017009
KMEM,OCC_ETF_NAME_CBOE_ABSENT,,,,,true,KMEM,KURV MEMORY SELECT ETF,PROVIDER_QUERY_RETURNED_OPTION_ROOTS,KMEM,108,2026-10-01T18:50:45.221Z,3d34b14f0ae57ed48c1421e2c3e8ab2cfde819693b2553a1e647f8c530c24274
KNCT,OCC_ETF_NAME_CBOE_ABSENT,,,,,true,KNCT,Invesco Next Gen Connectivity ETF,PROVIDER_QUERY_RETURNED_OPTION_ROOTS,KNCT,408,2026-10-01T18:50:48.756Z,56ff038332c14538500ba9a57700fbc2b53a0c19c3848e6d5952d9513342f07d
KSA,OCC_ETF_NAME_CBOE_ABSENT,,,,,true,KSA,iShares MSCI Saudi Arabia ETF,PROVIDER_QUERY_RETURNED_OPTION_ROOTS,KSA,88,2026-10-01T18:51:07.987Z,63ea43c401d9f883700567839dc7070e78eb9373aad6931286627153d0296b2d
KURE,OCC_ETF_NAME_CBOE_ABSENT,,,,,true,KURE,KRANESHARES MSCI ALL CHINA HEALTH CARE INDEX ETF,PROVIDER_QUERY_RETURNED_OPTION_ROOTS,KURE,168,2026-10-01T18:51:15.143Z,04d57d81b040a3edc3d70da69cea9280dcd791e1a39faa749d520aab705795e7
LAZR,OCC_ETF_NAME_CBOE_ABSENT,,,,,true,LAZR,TEMA PHOTONICS & OPTICAL ETF,PROVIDER_QUERY_RETURNED_OPTION_ROOTS,LAZR,188,2026-10-01T18:51:31.817Z,5c5e31b8a43402e00e70dbb510989b9262f4f82cf683bb5f0c378633233fc872
LCTU,OCC_ETF_NAME_CBOE_ABSENT,,,,,true,LCTU,iShares US Crbn Transition Readiness Awr Actve ETF,PROVIDER_QUERY_RETURNED_OPTION_ROOTS,LCTU,120,2026-10-01T18:51:36.877Z,d127d201d658623fec7d2cb4fad972c52b845bc17338e6e2c1b3bb8ae0d5407c
LDEM,OCC_ETF_NAME_CBOE_ABSENT,,,,,true,LDEM,ISHARES ESG MSCI EM LEADERS ETF,PROVIDER_QUERY_RETURNED_OPTION_ROOTS,LDEM,62,2026-10-01T18:51:38.380Z,7d8a7b7f5f62af6b8e7e02a5a2afaa260183a76605feec4ffb72c523be85442e
LGLV,OCC_ETF_NAME_CBOE_ABSENT,,,,,true,LGLV,St Strt SPDR US Large Cap Low Volatility Index ETF,PROVIDER_QUERY_RETURNED_OPTION_ROOTS,LGLV,228,2026-10-01T18:51:50.964Z,b2fbd4c0675050c623c294ef5765421545fb0e9aef02438a0ad7624c23a6e74d
LIMI,OCC_ETF_NAME_CBOE_ABSENT,,,,,true,LIMI,THEMES LITHIUM & BATTERY METAL MINERS ETF,PROVIDER_QUERY_RETURNED_OPTION_ROOTS,LIMI,18,2026-10-01T18:51:56.445Z,7f052139f15f3a1881ccb7525a9a182f6e24d8dfbdd57a76e0f21bfcf1be5483
LNGX,OCC_ETF_NAME_CBOE_ABSENT,,,,,true,LNGX,GLOBAL X U.S. NATURAL GAS ETF,PROVIDER_QUERY_RETURNED_OPTION_ROOTS,LNGX,168,2026-10-01T18:52:11.707Z,56ca0b8474823ebf8502ef6aa31264dd49c3add7cafdefdd748a555ea8bb74ef
LQDI,OCC_ETF_NAME_CBOE_ABSENT,,,,,true,LQDI,ISHARES INFLATION HEDGED CORPORATE BOND ETF,PROVIDER_QUERY_RETURNED_OPTION_ROOTS,LQDI,148,2026-10-01T18:52:25.559Z,eac8ac1a4e1734d40952103cfbe8e7af632e099a795e92bd89899fcfc6a38870
LRNZ,OCC_ETF_NAME_CBOE_ABSENT,,,,,true,LRNZ,"TRUESHARES TECHNOLOGY, AI & DEEP LEARNING ETF",PROVIDER_QUERY_RETURNED_OPTION_ROOTS,LRNZ,242,2026-10-01T18:52:29.495Z,b69b5f442569bf8b1f28f81a91bea82503c7c78720fc901f9a4890bf91780e3d
LVHD,OCC_ETF_NAME_CBOE_ABSENT,,,,,true,LVHD,Franklin US Low Volatility High Dividend Index ETF,PROVIDER_QUERY_RETURNED_OPTION_ROOTS,LVHD,88,2026-10-01T18:52:42.658Z,01c5a3fea456698c679f1833b99f561bab6404ad1dc34ec87b815b94b620097c
MAGX,OCC_ETF_NAME_CBOE_ABSENT,,,,,true,MAGX,ROUNDHILL DAILY 2X LONG MAGNIFICENT SEVEN ETF,PROVIDER_QUERY_RETURNED_OPTION_ROOTS,MAGX,218,2026-10-01T18:53:00.863Z,2d20dce277857400f090fdf18da12bafe57adb4884e0232244eafb4e3a7a7556
MAKX,OCC_ETF_NAME_CBOE_ABSENT,,,,,true,MAKX,PROSHARES S&P KENSHO SMART FACTORIES ETF,PROVIDER_QUERY_RETURNED_OPTION_ROOTS,MAKX,258,2026-10-01T18:53:02.630Z,84ad542550ff8dc667a85dfaa4b90260c4406729a4bbc3459a826bc117593c03
MCH,OCC_ETF_NAME_CBOE_ABSENT,,,,,true,MCH,MATTHEWS CHINA ACTIVE ETF,PROVIDER_QUERY_RETURNED_OPTION_ROOTS,MCH,168,2026-10-01T18:53:21.938Z,e60749da45257e11aae0f29dbcc03f856b2ddcfedb1c097dc53781b4103ef16c
MCHS,OCC_ETF_NAME_CBOE_ABSENT,,,,,true,MCHS,Matthews China Innovators Active ETF,PROVIDER_QUERY_RETURNED_OPTION_ROOTS,MCHS,136,2026-10-01T18:53:24.053Z,0b231712fb46064645e171ecfa3ff44f99772cd927935b0d3a5c43a650ccad65
MDEV,OCC_ETF_NAME_CBOE_ABSENT,,,,,true,MDEV,FIRST TRUST INDXX MEDICAL DEVICES ETF,PROVIDER_QUERY_RETURNED_OPTION_ROOTS,MDEV,88,2026-10-01T18:53:30.778Z,1aac30e9f6c2d5cd652b29e2def41493b69a5c081d67eb2e6ef585f7e7d7db52
MDST,OCC_ETF_NAME_CBOE_ABSENT,,,,,true,MDST,WESTWOOD SALIENT ENHANCED MIDSTREAM INCOME ETF,PROVIDER_QUERY_RETURNED_OPTION_ROOTS,MDST,148,2026-10-01T18:53:33.296Z,67aa8a786b4aad1ed2f1626b17fabfa4929ab1cc3a4ca9189202f609b5a24eef
MEMX,OCC_ETF_NAME_CBOE_ABSENT,,,,,true,MEMX,MATTHEWS EMERGING MARKETS EX CHINA ACTIVE ETF,PROVIDER_QUERY_RETURNED_OPTION_ROOTS,MEMX,104,2026-10-01T18:53:40.321Z,1bb857354143a3981f61845cc41eaac21d2c6b0ec2e01e775cc51f72575ebc94
MKOR,OCC_ETF_NAME_CBOE_ABSENT,,,,,true,MKOR,MATTHEWS KOREA ACTIVE ETF,PROVIDER_QUERY_RETURNED_OPTION_ROOTS,MKOR,216,2026-10-01T18:54:05.987Z,9cd38ee1077c5b982f7731cbafd898e4a5221098185e4fd5caca9ec4a7cbfaf3
MLN,OCC_ETF_NAME_CBOE_ABSENT,,,,,true,MLN,VANECK LONG MUNI ETF,PROVIDER_QUERY_RETURNED_OPTION_ROOTS,MLN,104,2026-10-01T18:54:09.690Z,a8d9f7aa51e5a0631c9ce0ca129afc995454a57d7d81fb12576115d8f08fdd0c
MSBT,OCC_ETF_NAME_CBOE_ABSENT,,,,,true,MSBT,MORGAN STANLEY BITCOIN TRUST ETF,PROVIDER_QUERY_RETURNED_OPTION_ROOTS,MSBT,150,2026-10-01T18:54:51.596Z,c4b8f248b0088534b1add98681f486d660d019ce1ed1147aa65d8f9c2558847b
MSFY,OCC_ETF_NAME_CBOE_ABSENT,,,,,true,MSFY,KURV YIELD PREMIUM STRATEGY MICROSOFT MSFT ETF,PROVIDER_QUERY_RETURNED_OPTION_ROOTS,MSFY,102,2026-10-01T18:54:57.151Z,a2c300a4f33912d4897017a6f3d540f8af9952e9fe686dadfc77eac8e9ed5d5d
MTYY,OCC_ETF_NAME_CBOE_ABSENT,,,,,true,MTYY|MTYY1,GRANITESHARES YIELDBOOST MSTR ETF|GRANITESHARES YIELDBOOST MSTR ETF(1:6),PROVIDER_QUERY_RETURNED_OPTION_ROOTS,MTYY|MTYY1,224,2026-10-01T18:55:13.176Z,dfe6b0ceb3e30703d0836fd4a615f645c9d44f241a61ca79765d4d2caa4c0956
MUYY,OCC_ETF_NAME_CBOE_ABSENT,,,,,true,MUYY,GRANITESHARES YIELDBOOST MU ETF,PROVIDER_QUERY_RETURNED_OPTION_ROOTS,MUYY,168,2026-10-01T18:55:18.870Z,1b1803f4a9cbcd9bc2c30922648e290536783b55b7b805db5c720a8fb9d4fc04
NCIQ,OCC_ETF_NAME_CBOE_ABSENT,,,,,true,NCIQ,HASHDEX NASDAQ CME CRYPTO INDEX ETF,PROVIDER_QUERY_RETURNED_OPTION_ROOTS,NCIQ,172,2026-10-01T18:55:54.306Z,2210e5c30a7b9e333222932c99018ab75d321c9585d71aba0459e2df9a8b1303
NETL,OCC_ETF_NAME_CBOE_ABSENT,,,,,true,NETL,Colterpoint Net Lease Real Estate ETF,PROVIDER_QUERY_RETURNED_OPTION_ROOTS,NETL,88,2026-10-01T18:56:07.880Z,cb56a2f90b77f1471ebd1e6cad96d767d51bab449780e65caee2833c7a8302ea
NFLP,OCC_ETF_NAME_CBOE_ABSENT,,,,,true,NFLP,KURV YIELD PREMIUM STRATEGY NETFLIX NFLX ETF,PROVIDER_QUERY_RETURNED_OPTION_ROOTS,NFLP,118,2026-10-01T18:56:13.975Z,2d1a3e5a74cf0316549c9800ba6a6e876717ebc61d86821bd838fae2226432ec
NIKL,OCC_ETF_NAME_CBOE_ABSENT,,,,,true,NIKL,SPROTT NICKEL MINERS ETF,PROVIDER_QUERY_RETURNED_OPTION_ROOTS,NIKL,128,2026-10-01T18:56:25.213Z,ca67ed372ce367398e702f4a6f2cfcc0a1650213c15e31f017794f33f7fc4efb
NIOG,OCC_ETF_NAME_CBOE_ABSENT,,,,,true,NIOG,THEMES ETF LEVERAGE SHARES 2X LONG NIO DAILY ETF,PROVIDER_QUERY_RETURNED_OPTION_ROOTS,NIOG,172,2026-10-01T18:56:26.055Z,2b01d7c80a918ebcf7dc0622e031c6cc08129a3ffa99732b842d8aab63006b40
NORW,OCC_ETF_NAME_CBOE_ABSENT,,,,,true,NORW,GLOBAL X MSCI NORWAY ETF,PROVIDER_QUERY_RETURNED_OPTION_ROOTS,NORW,158,2026-10-01T18:56:44.857Z,7c34df504c712ae26ad7d1b72e47b3a3458c0f9a59b80cb3c30beb201b7878b0
NUSC,OCC_ETF_NAME_CBOE_ABSENT,,,,,true,NUSC,NUVEEN ESG SMALL-CAP ETF,PROVIDER_QUERY_RETURNED_OPTION_ROOTS,NUSC,104,2026-10-01T18:57:11.057Z,2752763cb3471ae9b076dfd30c3017112bbf7abbba2586e0a536a603fea13628
NXTG,OCC_ETF_NAME_CBOE_ABSENT,,,,,true,NXTG,FIRST TRUST INDXX NEXTG ETF,PROVIDER_QUERY_RETURNED_OPTION_ROOTS,NXTG,238,2026-10-01T18:57:36.293Z,e07669b9d8fff4b84356102f8546ee6d9aaebae7ffa5578564ac60b464067042
NYSX,OCC_ETF_NAME_CBOE_ABSENT,,,,,true,NYSX,GLOBAL X NYSE 100 ETF,PROVIDER_QUERY_RETURNED_OPTION_ROOTS,NYSX,260,2026-10-01T18:57:37.269Z,85ea00cd713262d4939174c9984a4d45124a326b79fa1726632fad4bd28e4d69
NZAC,OCC_ETF_NAME_CBOE_ABSENT,,,,,true,NZAC,State St SPDR MSCI ACWI Climate Paris Aligned ETF,PROVIDER_QUERY_RETURNED_OPTION_ROOTS,NZAC,96,2026-10-01T18:57:38.343Z,803def3bb0a0e5c4153574a68b2d088c7324d5247caaef9a989716275a171c10
OBOR,OCC_ETF_NAME_CBOE_ABSENT,,,,,true,OBOR,KRANESHARES MSCI ONE BELT ONE ROAD INDEX ETF,PROVIDER_QUERY_RETURNED_OPTION_ROOTS,OBOR,148,2026-10-01T18:57:43.308Z,cc4a90feeee7453b2c0755de75a5895ce1a479ac7268783ca5405c8511f6f088
OMAH,OCC_ETF_NAME_CBOE_ABSENT,,,,,true,OMAH,VISTASHARES TARGET 15 BERKSHIRE SELECT INCOME ETF,PROVIDER_QUERY_RETURNED_OPTION_ROOTS,OMAH,168,2026-10-01T18:58:06.464Z,82af5904c3dda259dab43fcb590e60dcd585668262e90b6564440a878b2e249d
OMFL,OCC_ETF_NAME_CBOE_ABSENT,,,,,true,OMFL,INVESCO RUSSELL 1000 DYNAMIC MULTIFACTOR ETF,PROVIDER_QUERY_RETURNED_OPTION_ROOTS,OMFL,104,2026-10-01T18:58:09.896Z,f7c6d6298886c53749a794dadcc5d47430f67f8e7074562a60fb8923cf507c51
ONDG,OCC_ETF_NAME_CBOE_ABSENT,,,,,true,ONDG,THEMES ETF LEVERAGE SHARES 2X LONG ONDS DAILY ETF,PROVIDER_QUERY_RETURNED_OPTION_ROOTS,ONDG,72,2026-10-01T18:58:12.405Z,c110add5c1dd47ab091a393aed4ee28bdaaffe45ea1875676614321238370bf3
ONEV,OCC_ETF_NAME_CBOE_ABSENT,,,,,true,ONEV,State St SPDR Russell 1000 Low Volatility Fcus ETF,PROVIDER_QUERY_RETURNED_OPTION_ROOTS,ONEV,178,2026-10-01T18:58:14.969Z,8deed7a5c372b4ea86a210205d61795c8e99a14ea8e2386f3e897972ee3bde0f
ONEY,OCC_ETF_NAME_CBOE_ABSENT,,,,,true,ONEY,State Street SPDR Russell 1000 Yield Focus ETF,PROVIDER_QUERY_RETURNED_OPTION_ROOTS,ONEY,180,2026-10-01T18:58:16.010Z,2e5db75fb094c58e02b89fda0dbbe6553fda632d7820779da8404a32c2463430
OPEG,OCC_ETF_NAME_CBOE_ABSENT,,,,,true,OPEG,THEMES ETF LEVERAGE SHARES 2X LONG OPEN DAILY ETF,PROVIDER_QUERY_RETURNED_OPTION_ROOTS,OPEG,52,2026-10-01T18:58:22.497Z,37badb9ffff30c69b28266ca33700f7f3f7112941cb3b535ed5513a92328e4b2
ORBX,OCC_ETF_NAME_CBOE_ABSENT,,,,,true,ORBX,GLOBAL X SPACE TECH ETF,PROVIDER_QUERY_RETURNED_OPTION_ROOTS,ORBX,250,2026-10-01T18:58:31.635Z,7c92144da48e6ecfa68780e4b72f134f5e8cd7a86932198ce51c54ad8e6f1496
OUSM,OCC_ETF_NAME_CBOE_ABSENT,,,,,true,OUSM,ALPS O'Shares U.S. Small-Cap Quality Dividend ETF,PROVIDER_QUERY_RETURNED_OPTION_ROOTS,OUSM,96,2026-10-01T18:58:50.489Z,64992d5bf056edaa9819464e1194003a44290773ca7a83ea30cce6ef9838c862
PAWZ,OCC_ETF_NAME_CBOE_ABSENT,,,,,true,PAWZ,PROSHARES PET CARE ETF,PROVIDER_QUERY_RETURNED_OPTION_ROOTS,PAWZ,184,2026-10-01T18:59:09.306Z,75ccb27f8cc44ad34780bd78f65c08eb96cf8bcb675676e88b944c1c3d5f0cc0
PBE,OCC_ETF_NAME_CBOE_ABSENT,,,,,true,PBE,Invesco Biotechnology & Genome ETF,PROVIDER_QUERY_RETURNED_OPTION_ROOTS,PBE,214,2026-10-01T18:59:14.800Z,301587c69f178a233c12b6418c6fe57d2cfe750207d887902657bcaa11d8cffc
PBJ,OCC_ETF_NAME_CBOE_ABSENT,,,,,true,PBJ,INVESCO FOOD & BEVERAGE ETF,PROVIDER_QUERY_RETURNED_OPTION_ROOTS,PBJ,132,2026-10-01T18:59:17.233Z,ac9f16dbc8e96501ebde2605db91ed6629908f5a7d6c1ff19c6bedba92b8035d
PBP,OCC_ETF_NAME_CBOE_ABSENT,,,,,true,PBP,INVESCO S&P 500 BUYWRITE ETF,PROVIDER_QUERY_RETURNED_OPTION_ROOTS,PBP,88,2026-10-01T18:59:18.272Z,d85fca655f435b8e75d75bb888d33fc2b6fd730c278cf377fd06b141c1a4164c
PBRG,OCC_ETF_NAME_CBOE_ABSENT,,,,,true,PBRG,THEMES ETF LEVERAGE SHARES 2X LONG PBR DAILY ETF,PROVIDER_QUERY_RETURNED_OPTION_ROOTS,PBRG,220,2026-10-01T18:59:19.797Z,00c7a48df421895a2437fd8130065fb273d57eafb3f971af462c494455b3b053
PDBA,OCC_ETF_NAME_CBOE_ABSENT,,,,,true,PDBA,INVESCO AGRICULTURE COMMODITY STRATEGY NO K-1 ETF,PROVIDER_QUERY_RETURNED_OPTION_ROOTS,PDBA,172,2026-10-01T18:59:27.786Z,5c6aab84605ebee5ab894e3100347b58a25ba9c54eb18861d809d276714f55bc
PFI,OCC_ETF_NAME_CBOE_ABSENT,,,,,true,PFI,Invesco Dorsey Wright Financial Momentum ETF,PROVIDER_QUERY_RETURNED_OPTION_ROOTS,PFI,112,2026-10-01T18:59:47.581Z,73883245bd454455dce91c4b769769d50d3dbe94216977405de9605610dabc8c
PFM,OCC_ETF_NAME_CBOE_ABSENT,,,,,true,PFM,Invesco Dividend Achievers ETF,PROVIDER_QUERY_RETURNED_OPTION_ROOTS,PFM,140,2026-10-01T18:59:49.164Z,8e248fb9e755b5ea20f9bbf1394bffceffa50f26dc597786692bf33cfff1661c
PINK,OCC_ETF_NAME_CBOE_ABSENT,,,,,true,PINK,SIMPLIFY HEALTH CARE ETF,PROVIDER_QUERY_RETURNED_OPTION_ROOTS,PINK,168,2026-10-01T19:00:05.202Z,feaaa61e272bf96d1c41c04656cd3599fccfd088793249aa03713b7d4e8f381e
PIO,OCC_ETF_NAME_CBOE_ABSENT,,,,,true,PIO,INVESCO GLOBAL WATER ETF,PROVIDER_QUERY_RETURNED_OPTION_ROOTS,PIO,168,2026-10-01T19:00:06.766Z,d0003d3c91e9003087c9371b869178e6e93c4d034f2d5d9d0415a0404ad1ff78
PKB,OCC_ETF_NAME_CBOE_ABSENT,,,,,true,PKB,Invesco Building & Construction ETF,PROVIDER_QUERY_RETURNED_OPTION_ROOTS,PKB,268,2026-10-01T19:00:10.350Z,b6ed51c4570187c1816e516d660b4fd5674ca9b7e4ce90740b04aa9352176e23
PLUL,OCC_ETF_NAME_CBOE_ABSENT,,,,,true,PLUL,THEMES ETF LEVERAGE SHARES 2X LONG PLUG DAILY ETF,PROVIDER_QUERY_RETURNED_OPTION_ROOTS,PLUL,166,2026-10-01T19:00:26.563Z,dd5b25cf8169739374f8239df22f02e37f2fa151598f31a9cec0565098d2459f
PLYY,OCC_ETF_NAME_CBOE_ABSENT,,,,,true,PLYY,GRANITESHARES YIELDBOOST PLTR ETF,PROVIDER_QUERY_RETURNED_OPTION_ROOTS,PLYY,142,2026-10-01T19:00:28.633Z,5469b1aa6c4a9605aa305b708197bc9a3eba1dcbe96d9a6301b46249890d16c6
POW,OCC_ETF_NAME_CBOE_ABSENT,,,,,true,POW,VISTASHARES ELECTRIFICATION SUPERCYCLE ETF,PROVIDER_QUERY_RETURNED_OPTION_ROOTS,POW,172,2026-10-01T19:00:38.693Z,4161212fa16677d0459d82019e060bd4a6f4d3e53c128b9ce2196df9279f11b1
POWA,OCC_ETF_NAME_CBOE_ABSENT,,,,,true,POWA,Invesco Bloomberg Pricing Power ETF,PROVIDER_QUERY_RETURNED_OPTION_ROOTS,POWA,120,2026-10-01T19:00:39.689Z,ed855fc98fc30eda37edc1bbb3a6c7ea785df12dff88bc7b9803790cf98373c1
PRN,OCC_ETF_NAME_CBOE_ABSENT,,,,,true,PRN,Invesco Dorsey Wright Industrials Momentum ETF,PROVIDER_QUERY_RETURNED_OPTION_ROOTS,PRN,304,2026-10-01T19:00:58.645Z,af75f25f99124c78539a2c5fdb7ff5df78909c1f54da3971a3813ac99d2b53ca
PSCC,OCC_ETF_NAME_CBOE_ABSENT,,,,,true,PSCC,INVESCO S&P SMALLCAP CONSUMER STAPLES ETF,PROVIDER_QUERY_RETURNED_OPTION_ROOTS,PSCC,96,2026-10-01T19:01:06.287Z,2dae61f410555ed111747bfa1395de47871b2ec10ebda3459a3b0f1acb2d8559
PSCD,OCC_ETF_NAME_CBOE_ABSENT,,,,,true,PSCD,INVESCO S&P SMALLCAP CONSUMER DISCRETIONARY ETF,PROVIDER_QUERY_RETURNED_OPTION_ROOTS,PSCD,190,2026-10-01T19:01:06.828Z,6b6e4c3837f31bcaa67c6b8fbffbe2b0470bb03851ad1d09e8b83ca2ac251938
PSCF,OCC_ETF_NAME_CBOE_ABSENT,,,,,true,PSCF,INVESCO S&P SMALLCAP FINANCIALS ETF,PROVIDER_QUERY_RETURNED_OPTION_ROOTS,PSCF,112,2026-10-01T19:01:07.812Z,18c03543223d8749eb4dcd5364847305fdd624b76878cbc79861f704cb5456e7
PSCI,OCC_ETF_NAME_CBOE_ABSENT,,,,,true,PSCI,INVESCO S&P SMALLCAP INDUSTRIALS ETF,PROVIDER_QUERY_RETURNED_OPTION_ROOTS,PSCI,278,2026-10-01T19:01:08.758Z,81fb4e3492c7012c538153162f297aa2072f0a516561801bf58ebc144bd11024
PSCM,OCC_ETF_NAME_CBOE_ABSENT,,,,,true,PSCM,INVESCO S&P SMALLCAP MATERIALS ETF,PROVIDER_QUERY_RETURNED_OPTION_ROOTS,PSCM,200,2026-10-01T19:01:09.255Z,4e064554edfc0c5ee4f9dec9b15ace2d183c2558da33acd30b2533270c182150
PSCT,OCC_ETF_NAME_CBOE_ABSENT,,,,,true,PSCT,INVESCO S&P SMALLCAP INFORMATION TECHNOLOGY ETF,PROVIDER_QUERY_RETURNED_OPTION_ROOTS,PSCT,170,2026-10-01T19:01:09.756Z,8969f097e83e0f7f2f822007a0ad4864b2077cbd4e53986deba69b7465f45059
PSIL,OCC_ETF_NAME_CBOE_ABSENT,,,,,true,PSIL,ADVISORSHARES PSYCHEDELICS ETF,PROVIDER_QUERY_RETURNED_OPTION_ROOTS,PSIL,168,2026-10-01T19:01:11.799Z,de3e0c50c7b684595f7d5bdcb9f8c5179af4bff64b4d0f27775096abd4bc451b
PSL,OCC_ETF_NAME_CBOE_ABSENT,,,,,true,PSL,Invesco Dorsey WrightConsumer Staples Momentum ETF,PROVIDER_QUERY_RETURNED_OPTION_ROOTS,PSL,154,2026-10-01T19:01:13.831Z,a6334bb18b68e42ba6e0426441af41fff7259675bc066509a8aa4ce4a0c45694
PSWD,OCC_ETF_NAME_CBOE_ABSENT,,,,,true,PSWD,XTRACKERS CYBERSECURITY SELECT EQUITY ETF,PROVIDER_QUERY_RETURNED_OPTION_ROOTS,PSWD,208,2026-10-01T19:01:19.979Z,1f5ae6b7b1505618026fd3a09448bd3a1b1adcd38ea37c8b4b14b795ca4ee82c
PTH,OCC_ETF_NAME_CBOE_ABSENT,,,,,true,PTH,Invesco Dorsey Wright Healthcare Momentum ETF,PROVIDER_QUERY_RETURNED_OPTION_ROOTS,PTH,168,2026-10-01T19:01:24.599Z,0c23934ca6c16091668cab6f4c57b2bd9165776c4adec207d09185a45cd967b1
PUI,OCC_ETF_NAME_CBOE_ABSENT,,,,,true,PUI,Invesco Dorsey Wright Utilities Momentum ETF,PROVIDER_QUERY_RETURNED_OPTION_ROOTS,PUI,114,2026-10-01T19:01:29.508Z,b6d45303bee0925e09be501eececdee4321f71534b9f62af4fe0ae9b4f67bced
PULS,OCC_ETF_NAME_CBOE_ABSENT,,,,,true,PULS,PGIM ULTRA SHORT BOND ETF,PROVIDER_QUERY_RETURNED_OPTION_ROOTS,PULS,88,2026-10-01T19:01:30.564Z,9ce24317a6060bb86a8e3544a4ff2379e819a4781128bec69a5f39a786b8bfa4
PWB,OCC_ETF_NAME_CBOE_ABSENT,,,,,true,PWB,Invesco Large Cap Growth ETF,PROVIDER_QUERY_RETURNED_OPTION_ROOTS,PWB,320,2026-10-01T19:01:34.608Z,dcea7476ec193177ee04d687006b6402a404f0d9a35231725b5fd228d5ee1646
PWV,OCC_ETF_NAME_CBOE_ABSENT,,,,,true,PWV,INVESCO LARGE CAP VALUE ETF,PROVIDER_QUERY_RETURNED_OPTION_ROOTS,PWV,222,2026-10-01T19:01:36.543Z,662dcf8c841798ee03217594e9be548344551eb69ef951fb1d05bdc9311d6161
PXF,OCC_ETF_NAME_CBOE_ABSENT,,,,,true,PXF,INVESCO RAFI DEVELOPED MARKETS EX-U.S. ETF,PROVIDER_QUERY_RETURNED_OPTION_ROOTS,PXF,200,2026-10-01T19:01:38.362Z,503c8f0f4e85fe6eb8a33a139fb741766ba73a0262388e3c0819a3b4886852f5
PXI,OCC_ETF_NAME_CBOE_ABSENT,,,,,true,PXI,Invesco Dorsey Wright Energy Momentum ETF,PROVIDER_QUERY_RETURNED_OPTION_ROOTS,PXI,178,2026-10-01T19:01:39.348Z,bad73adb1133e2e7dabbdebaaaa90483b1fb1b8b3da85eb6e8e032f569cc8a66
PYPY,OCC_ETF_NAME_CBOE_ABSENT,,,,,true,PYPY,YIELDMAX PYPL OPTION INCOME STRATEGY ETF,PROVIDER_QUERY_RETURNED_OPTION_ROOTS,PYPY,98,2026-10-01T19:01:41.885Z,7d3bb55decafd5918a166356534e2c52c1deee02ab8498fa2080e18063b71d3d
PYZ,OCC_ETF_NAME_CBOE_ABSENT,,,,,true,PYZ,Invesco Dorsey Wright Basic Materials Momentum ETF,PROVIDER_QUERY_RETURNED_OPTION_ROOTS,PYZ,198,2026-10-01T19:01:44.161Z,140e3a6bee6dcce51b5b86731ea330d67983400a0b831f2e4843b9cd7b3c52cc
PZA,OCC_ETF_NAME_CBOE_ABSENT,,,,,true,PZA,Invesco National AMT-Free Municipal Bond ETF,PROVIDER_QUERY_RETURNED_OPTION_ROOTS,PZA,136,2026-10-01T19:01:44.717Z,651ced8df382909b19decddf3eda2c5607168088f0d31b02fae93d90da95099b
QDF,OCC_ETF_NAME_CBOE_ABSENT,,,,,true,QDF,Northern Trust Quality Dividend ETF,PROVIDER_QUERY_RETURNED_OPTION_ROOTS,QDF,114,2026-10-01T19:01:52.061Z,e4ccc80fcede0ae46a643a4d078cd3bfcdbd68428516b59d086349b91439a447
QDVO,OCC_ETF_NAME_CBOE_ABSENT,,,,,true,QDVO,AMPLIFY CWP GROWTH & INCOME ETF,PROVIDER_QUERY_RETURNED_OPTION_ROOTS,QDVO,168,2026-10-01T19:01:54.123Z,8ec3fdef28f786761e60fbaa73bbe24083a781c1138d4ad7825044649c583201
QEFA,OCC_ETF_NAME_CBOE_ABSENT,,,,,true,QEFA,State Street SPDR MSCI EAFE StrategicFactors ETF,PROVIDER_QUERY_RETURNED_OPTION_ROOTS,QEFA,118,2026-10-01T19:01:56.189Z,290b1994be8a1296e4c7107532ec895abf198ff4cf60c4150f276734c56894c4
QEMM,OCC_ETF_NAME_CBOE_ABSENT,,,,,true,QEMM,State St SPDR MSCI Emrgng Mrkts StrategicFctrs ETF,PROVIDER_QUERY_RETURNED_OPTION_ROOTS,QEMM,202,2026-10-01T19:01:56.904Z,5b4fe9f48faa397b6e2484798cf23ae7e9155464595626611a8f81c3a644b5ec
QNDX,OCC_ETF_NAME_CBOE_ABSENT,,,,,true,QNDX,SPDR SRIES TRST STE ST SPDR PRTFLIO NASDAQ 100 ETF,PROVIDER_QUERY_RETURNED_OPTION_ROOTS,QNDX,296,2026-10-01T19:02:03.586Z,b2a4062a4a906c64ac778bbb88d0b06963b19fd6b6500086b28943158f321d5c
QQH,OCC_ETF_NAME_CBOE_ABSENT,,,,,true,QQH,HCM DEFENDER 100 INDEX ETF,PROVIDER_QUERY_RETURNED_OPTION_ROOTS,QQH,156,2026-10-01T19:02:07.635Z,c928f28fae2bc07750184a118c3471e6fc5cce79b6395dd861d640dfc82c8947
QQQT,OCC_ETF_NAME_CBOE_ABSENT,,,,,true,QQQT,DEFIANCE NASDAQ 100 INCOME TARGET ETF,PROVIDER_QUERY_RETURNED_OPTION_ROOTS,QQQT,168,2026-10-01T19:02:12.576Z,496e1f84c879a591f9b57fe8620cbfb0be5ba484f16aa51c98772ec6468bfaed
RAAA,OCC_ETF_NAME_CBOE_ABSENT,,,,,true,RAAA,RECKONER YIELD ENHANCED AAA CLO ETF,PROVIDER_QUERY_RETURNED_OPTION_ROOTS,RAAA,148,2026-10-01T19:02:26.227Z,54e052f14aed5c285141da1724dc0a9ce4c084ad1df915a4235dfaa1b7da71c1
RAAR,OCC_ETF_NAME_CBOE_ABSENT,,,,,true,RAAR,RECKONER YIELD ENHANCED AAA CLO REINVESTING ETF,PROVIDER_QUERY_RETURNED_OPTION_ROOTS,RAAR,190,2026-10-01T19:02:26.729Z,666d0641a66b18cba7e8fba49b8b9ce5f00c513aa99c8f7fa76c31a13fac25c8
RAAY,OCC_ETF_NAME_CBOE_ABSENT,,,,,true,RAAY,RECKONER YIELD ENHANCED AAA CLO ANNUAL ETF,PROVIDER_QUERY_RETURNED_OPTION_ROOTS,RAAY,232,2026-10-01T19:02:27.793Z,0b31cc2d4146592706cbadde6a1ee6cfa7aa84e6a1394dd66dd2810f14b0e320
RAML,OCC_ETF_NAME_CBOE_ABSENT,,,,,true,RAML,LEVERAGE SHARES 2X LONG MEMORY DAILY ETF,PROVIDER_QUERY_RETURNED_OPTION_ROOTS,RAML,174,2026-10-01T19:02:30.235Z,9c32615cf325054baa0fec2fc2633f48830a8ab9610f6e98785a4aa1dd7b6c7b
RBLD,OCC_ETF_NAME_CBOE_ABSENT,,,,,true,RBLD,First Trust Alerian US NextGen Infrastructure ETF,PROVIDER_QUERY_RETURNED_OPTION_ROOTS,RBLD,202,2026-10-01T19:02:36.263Z,baf3c57a89b2bcc3ede178144356ab32014b675af9bf08965e83f68ba2e16179
RCLO,OCC_ETF_NAME_CBOE_ABSENT,,,,,true,RCLO,RECKONER BBB-B CLO ETF,PROVIDER_QUERY_RETURNED_OPTION_ROOTS,RCLO,148,2026-10-01T19:02:41.765Z,05ee77ffd8e10945ad16dfa7eeb2d07090b77936a6095baa4dd168bc8d5cbe0c
RCLR,OCC_ETF_NAME_CBOE_ABSENT,,,,,true,RCLR,RECKONER BBB-B CLO REINVESTING ETF,PROVIDER_QUERY_RETURNED_OPTION_ROOTS,RCLR,190,2026-10-01T19:02:42.260Z,8fd39ab5a057d0ce54a8b4a973309acafb8c9faf86778dc6d16bd7506703de00
RCLY,OCC_ETF_NAME_CBOE_ABSENT,,,,,true,RCLY,RECKONER BBB-B CLO ANNUAL ETF,PROVIDER_QUERY_RETURNED_OPTION_ROOTS,RCLY,254,2026-10-01T19:02:42.766Z,155438d0d7cd7c122a9d3f9baf40e2a1e97ada8ffe04217dcf8f97b723569949
RDIV,OCC_ETF_NAME_CBOE_ABSENT,,,,,true,RDIV,INVESCO S&P ULTRA DIVIDEND REVENUE ETF,PROVIDER_QUERY_RETURNED_OPTION_ROOTS,RDIV,200,2026-10-01T19:02:45.857Z,b13c6dfa1fda7128551a8ec18f215c3a1505678c10ac25fc467eadb801b74d6b
RDVY,OCC_ETF_NAME_CBOE_ABSENT,,,,,true,RDVY,FIRST TRUST RISING DIVIDEND ACHIEVERS ETF,PROVIDER_QUERY_RETURNED_OPTION_ROOTS,RDVY,144,2026-10-01T19:02:49.776Z,c959d8e1a53780dbe9d326fd186815c947b9164a30859ff9f0b5a2c3393e1bb8
REAI,OCC_ETF_NAME_CBOE_ABSENT,,,,,true,REAI,TIDAL ETF TRUST INTELLIGENT REAL ESTATE ETF,PROVIDER_QUERY_RETURNED_OPTION_ROOTS,REAI,88,2026-10-01T19:02:52.276Z,cf57ebf4278109700afe3b35e0a76126edf8c16977c6e34223fe106c7ac56c91
RINF,OCC_ETF_NAME_CBOE_ABSENT,,,,,true,RINF,PROSHARES INFLATION EXPECTATIONS ETF,PROVIDER_QUERY_RETURNED_OPTION_ROOTS,RINF,168,2026-10-01T19:03:18.889Z,cf80b93f620d9c8eda2378c02e67c8016dff2290925706a47fd7cbf9dbc6fead
RKLZ,OCC_ETF_NAME_CBOE_ABSENT,,,,,true,RKLZ|RKLZ1,DEFIANCE DAILY TARGET 2X SHORT RKLB ETF|DEFIANCE DAILY TARGET 2X SHORT RKLB ETF(1:5),PROVIDER_QUERY_RETURNED_OPTION_ROOTS,RKLZ|RKLZ1,222,2026-10-01T19:03:23.858Z,62f4bba74f57a740caa9088344460181a75b084c23af8929574f33e408a10d06
ROKT,OCC_ETF_NAME_CBOE_ABSENT,,,,,true,ROKT,State Street SPDR S&P Kensho Final Frontiers ETF,PROVIDER_QUERY_RETURNED_OPTION_ROOTS,ROKT,264,2026-10-01T19:03:43.071Z,7699c43beedfa2099dcd0a9f048a863374d1da6b2ef27f9c81e5f1b6928b7d7e
RPG,OCC_ETF_NAME_CBOE_ABSENT,,,,,true,RPG,Invesco S&P 500 Pure Growth ETF,PROVIDER_QUERY_RETURNED_OPTION_ROOTS,RPG,132,2026-10-01T19:03:48.554Z,229562bd3e9467d17b2e609422bdd90b2ab3bb45078afe99f056a4949819850d
RSPC,OCC_ETF_NAME_CBOE_ABSENT,,,,,true,RSPC,Invesco S&P 500 Equal Weight Comm Services ETF,PROVIDER_QUERY_RETURNED_OPTION_ROOTS,RSPC,168,2026-10-01T19:03:56.118Z,7f65f50a34085829f5437e0c8166ccd7431a6533642c90c18bce4b321b4eac64
RSPS,OCC_ETF_NAME_CBOE_ABSENT,,,,,true,RSPS,Invesco S&P 500 Equal Weight Consumer Staples ETF,PROVIDER_QUERY_RETURNED_OPTION_ROOTS,RSPS,148,2026-10-01T19:04:00.067Z,a64bd21e72e9e9603260d830ff514c05a49dadab09a8d52e868a14dd5d5a7d1a
RSPU,OCC_ETF_NAME_CBOE_ABSENT,,,,,true,RSPU,Invesco S&P 500 Equal Weight Utilities ETF,PROVIDER_QUERY_RETURNED_OPTION_ROOTS,RSPU,192,2026-10-01T19:04:01.060Z,75316a4e35fa6129151290b171202d5462b15ff34d71f3c8aca08a2597ec78a0
RSSL,OCC_ETF_NAME_CBOE_ABSENT,,,,,true,RSSL,GLOBAL X RUSSELL 2000 ETF,PROVIDER_QUERY_RETURNED_OPTION_ROOTS,RSSL,174,2026-10-01T19:04:02.080Z,8839a1e66434235549e6b167796a827f28de650b7b2dd5cf64738e5469d33b43
RUNN,OCC_ETF_NAME_CBOE_ABSENT,,,,,true,RUNN,RUNNING OAK EFFICIENT GROWTH ETF,PROVIDER_QUERY_RETURNED_OPTION_ROOTS,RUNN,168,2026-10-01T19:04:06.659Z,0254e2ee0412e6b4031a5bec8eb86637296bfc5230e5754eb648d137524d7a61
RXI,OCC_ETF_NAME_CBOE_ABSENT,,,,,true,RXI,ISHARES GLOBAL CONSUMER DISCRETIONARY ETF,PROVIDER_QUERY_RETURNED_OPTION_ROOTS,RXI,282,2026-10-01T19:04:16.099Z,b39ed688814d1e121164ec93b2c3abfbae34fb114c8fc02a9e3eaae727eaf752
SCHJ,OCC_ETF_NAME_CBOE_ABSENT,,,,,true,SCHJ,SCHWAB 1-5 YEAR CORPORATE BOND ETF,PROVIDER_QUERY_RETURNED_OPTION_ROOTS,SCHJ,88,2026-10-01T19:04:52.221Z,1d8ca47cae3205bcd5b6a46abf794126106f84e5f459054ea6c914c80b82f49d
SCHY,OCC_ETF_NAME_CBOE_ABSENT,,,,,true,SCHY,SCHWAB INTERNATIONAL DIVIDEND EQUITY ETF,PROVIDER_QUERY_RETURNED_OPTION_ROOTS,SCHY,88,2026-10-01T19:04:57.228Z,c8aab938a4fb82b78f8f186719782e691cd20e43fde06ee2fe31df8ff7da6e04
SCYB,OCC_ETF_NAME_CBOE_ABSENT,,,,,true,SCYB,SCHWAB HIGH YIELD BOND ETF,PROVIDER_QUERY_RETURNED_OPTION_ROOTS,SCYB,128,2026-10-01T19:05:01.200Z,85664289b35aff726fe589e05fd91078c84499048d46ba030a19c65b5e90c3f6
SEMY,OCC_ETF_NAME_CBOE_ABSENT,,,,,true,SEMY,GRANITESHARES YIELDBOOST SEMICONDUCTOR ETF,PROVIDER_QUERY_RETURNED_OPTION_ROOTS,SEMY,140,2026-10-01T19:05:15.496Z,cb3ae69ad637a13e320c8eadfe4f988befdcaeb8e27ce51a0ff7e77b09cef048
SFY,OCC_ETF_NAME_CBOE_ABSENT,,,,,true,SFY,SOFI SELECT 500 ETF,PROVIDER_QUERY_RETURNED_OPTION_ROOTS,SFY,238,2026-10-01T19:05:24.633Z,431c8f49877a8d5f2b9a620e23c4e786a70c072e6fb76bf5f495c8645cd30812
SFYF,OCC_ETF_NAME_CBOE_ABSENT,,,,,true,SFYF,SOFI SOCIAL 50 ETF,PROVIDER_QUERY_RETURNED_OPTION_ROOTS,SFYF,128,2026-10-01T19:05:25.077Z,e69edf3298a37236ea015f8e8bc4a4206de266778d6e1635fde84eb2a8602b7e
SGDJ,OCC_ETF_NAME_CBOE_ABSENT,,,,,true,SGDJ,SPROTT JUNIOR GOLD MINERS ETF,PROVIDER_QUERY_RETURNED_OPTION_ROOTS,SGDJ,362,2026-10-01T19:05:26.471Z,a6cefea037b6e392217ce8cb3a5f6b01f47066956aadaba02bc825b0c7d4326a
SHE,OCC_ETF_NAME_CBOE_ABSENT,,,,,true,SHE,State Street SPDR MSCI USA Gender Diversity ETF,PROVIDER_QUERY_RETURNED_OPTION_ROOTS,SHE,264,2026-10-01T19:05:34.994Z,c98d392a16be5b488f873876f474a67908759507c050c51f2d13aff12e74a97a
SIMS,OCC_ETF_NAME_CBOE_ABSENT,,,,,true,SIMS,St Strt SPDR S&P Kensho Intelligent Structure ETF,PROVIDER_QUERY_RETURNED_OPTION_ROOTS,SIMS,114,2026-10-01T19:05:51.474Z,6c25eb3b0645bdd1d4624aee841c54d56b346a5cb185516df22c5abce4880fff
SMCF,OCC_ETF_NAME_CBOE_ABSENT,,,,,true,SMCF,THEMES US SMALL CAP CASH FLOW CHAMPIONS ETF,PROVIDER_QUERY_RETURNED_OPTION_ROOTS,SMCF,4,2026-10-01T19:06:31.513Z,a741c876706e041f59d4f1d9860d657bec49393edc1eea74319c5547509737ab
SMHX,OCC_ETF_NAME_CBOE_ABSENT,,,,,true,SMHX,VANECK FABLESS SEMICONDUCTOR ETF,PROVIDER_QUERY_RETURNED_OPTION_ROOTS,SMHX,186,2026-10-01T19:06:37.638Z,f8c74eab64b42ba2af7a04b996ce2a1f3df0085dd6f6824092e4faa549652ea0
SMIN,OCC_ETF_NAME_CBOE_ABSENT,,,,,true,SMIN,ISHARES MSCI INDIA SMALL CAP ETF,PROVIDER_QUERY_RETURNED_OPTION_ROOTS,SMIN,104,2026-10-01T19:06:38.031Z,81f1b609fd6da54e74a301c1d3d0e3fa3f1cfd896ec20bfe8cda7452a1ac098a
SMLV,OCC_ETF_NAME_CBOE_ABSENT,,,,,true,SMLV,St Strt SPDR US Small Cap Low Volatility Index ETF,PROVIDER_QUERY_RETURNED_OPTION_ROOTS,SMLV,188,2026-10-01T19:06:39.591Z,0fa70f4ea65cf2affb8c57923bf7f515911b2c1e3e0a6c7a8462306ba09edc28
SMMD,OCC_ETF_NAME_CBOE_ABSENT,,,,,true,SMMD,ISHARES RUSSELL 2500 ETF,PROVIDER_QUERY_RETURNED_OPTION_ROOTS,SMMD,220,2026-10-01T19:06:40.031Z,452428009e42b767bdbbf27ef2f7896defa892b2fcd5a7473378a29564a8c77d
SNAG,OCC_ETF_NAME_CBOE_ABSENT,,,,,true,SNAG,THEMES ETF TRUST LEVERAGE SHARES 2X LONG SNAP,PROVIDER_QUERY_RETURNED_OPTION_ROOTS,SNAG,108,2026-10-01T19:06:49.575Z,9c7adddfc7ac070ece5aa9aee32318acb194075bad6e69e693d59877e98b8107
SNDC,OCC_ETF_NAME_CBOE_ABSENT,,,,,true,SNDC,CORGI SNDK 2X DAILY ETF,PROVIDER_QUERY_RETURNED_OPTION_ROOTS,SNDC,128,2026-10-01T19:06:52.013Z,cc718fecabc5471d799d8c7f379fce53d4a458b3cb81a59bd1f452687b8f9a4c
SNOY,OCC_ETF_NAME_CBOE_ABSENT,,,,,true,SNOY,YIELDMAX SNOW OPTION INCOME STRATEGY ETF,PROVIDER_QUERY_RETURNED_OPTION_ROOTS,SNOY,98,2026-10-01T19:06:58.587Z,cadf3da7d58619a7d1c52ff8b5fa18f4e91458e87aed185e2379c58068fc814a
SNSR,OCC_ETF_NAME_CBOE_ABSENT,,,,,true,SNSR,GLOBAL X INTERNET OF THINGS ETF,PROVIDER_QUERY_RETURNED_OPTION_ROOTS,SNSR,142,2026-10-01T19:07:00.164Z,b02013c5e95e27c5d0e39c19773c7a71333da8f149a3707283071e98cf927160
SPBC,OCC_ETF_NAME_CBOE_ABSENT,,,,,true,SPBC,Simplify US Equity PLUS Bitcoin Strategy ETF,PROVIDER_QUERY_RETURNED_OPTION_ROOTS,SPBC,98,2026-10-01T19:07:17.090Z,e531a2c0c598ced829d219c391df43aeadedaf03a7755101b41777144856f2ca
SPD,OCC_ETF_NAME_CBOE_ABSENT,,,,,true,SPD,SIMPLIFY US EQUITY PLUS DOWNSIDE CONVEXITY ETF,PROVIDER_QUERY_RETURNED_OPTION_ROOTS,SPD,96,2026-10-01T19:07:23.602Z,3d6385dfdbc9aa134b7c87fe4eddee81cdd890291a4fee7ef6df34c7610278e5
SPEU,OCC_ETF_NAME_CBOE_ABSENT,,,,,true,SPEU,State Street SPDR Portfolio Europe ETF,PROVIDER_QUERY_RETURNED_OPTION_ROOTS,SPEU,88,2026-10-01T19:07:26.630Z,2df4764c19b87bccdaf09ddfccac8d6e3a0d14586309a84b435780ccf1fa554b
SPFF,OCC_ETF_NAME_CBOE_ABSENT,,,,,true,SPFF,GLOBAL X SUPERINCOME PREFERRED ETF,PROVIDER_QUERY_RETURNED_OPTION_ROOTS,SPFF,88,2026-10-01T19:07:27.216Z,78c4e49af137b7655af55470bf3c216adcf7d7dca55abcddb479e02ebdf3d3ef
SPVM,OCC_ETF_NAME_CBOE_ABSENT,,,,,true,SPVM,INVESCO S&P 500 VALUE WITH MOMENTUM ETF,PROVIDER_QUERY_RETURNED_OPTION_ROOTS,SPVM,200,2026-10-01T19:07:45.660Z,14d0ec71dfa484d5f3933faa348a9e7b74294e75a52abf10df70ee3b38dc788b
SPXE,OCC_ETF_NAME_CBOE_ABSENT,,,,,true,SPXE,PROSHARES S&P 500 EX-ENERGY ETF,PROVIDER_QUERY_RETURNED_OPTION_ROOTS,SPXE,206,2026-10-01T19:07:47.667Z,c328bc0705bd1d7fef0c150682bac1d0856ca160611cd184e242ecdef5e5ff10
SPXV,OCC_ETF_NAME_CBOE_ABSENT,,,,,true,SPXV,PROSHARES S&P 500 EX-HEALTH CARE ETF,PROVIDER_QUERY_RETURNED_OPTION_ROOTS,SPXV,222,2026-10-01T19:07:50.671Z,6d0fbdc5529e46e6b0ac60c77014a4484cd56a29ebfe1661a42650e338186978
SRET,OCC_ETF_NAME_CBOE_ABSENT,,,,,true,SRET,GLOBAL X FUNDS GLOBAL X SUPERDIVIDEND REIT ETF,PROVIDER_QUERY_RETURNED_OPTION_ROOTS,SRET,136,2026-10-01T19:07:59.744Z,363626b56d4054c268e695cb5d7f60343109cfe332d79ccc28b17bdf330faebd
SSUS,OCC_ETF_NAME_CBOE_ABSENT,,,,,true,SSUS,Day Hagan Smart Sector ETF,PROVIDER_QUERY_RETURNED_OPTION_ROOTS,SSUS,104,2026-10-01T19:08:12.629Z,7e1dd5474c64954ae81a69a9a7c469cebe0ede176444edf48938687defd47dc7
SUSL,OCC_ETF_NAME_CBOE_ABSENT,,,,,true,SUSL,ISHARES ESG MSCI USA LEADERS ETF,PROVIDER_QUERY_RETURNED_OPTION_ROOTS,SUSL,100,2026-10-01T19:08:44.182Z,20b48ea036578929ac3f51cb7099e8d12166dde3f59e1cca3b1465f72aa51ad5
TBLU,OCC_ETF_NAME_CBOE_ABSENT,,,,,true,TBLU,Tortoise Global Water ETF,PROVIDER_QUERY_RETURNED_OPTION_ROOTS,TBLU,96,2026-10-01T19:09:10.801Z,0b8e5ecd140694af28a8ba46b078a89c747a56307932ae2857f270ca9cfb1339
TCAF,OCC_ETF_NAME_CBOE_ABSENT,,,,,true,TCAF,T. ROWE PRICE CAPITAL APPRECIATION EQUITY ETF,PROVIDER_QUERY_RETURNED_OPTION_ROOTS,TCAF,170,2026-10-01T19:09:12.324Z,5a7c3f98c6ba9857edaf52f8c16b402f1152aa5ebd2fe4c5ff6a4cb111a17abf
TCHI,OCC_ETF_NAME_CBOE_ABSENT,,,,,true,TCHI,ISHARES MSCI CHINA MULTISECTOR TECH ETF,PROVIDER_QUERY_RETURNED_OPTION_ROOTS,TCHI,88,2026-10-01T19:09:14.786Z,c44e4a778c7e3b98925132bdbfe6736a467ca8144d30d40cc96c38d2d415687b
TECB,OCC_ETF_NAME_CBOE_ABSENT,,,,,true,TECB,ISHARES U.S. TECH BREAKTHROUGH MULTISECTOR ETF,PROVIDER_QUERY_RETURNED_OPTION_ROOTS,TECB,172,2026-10-01T19:09:25.287Z,7f165fe42a2fff26eb762e9688ba235e4f36d96e694aac37153048e26c1c4e24
TEK,OCC_ETF_NAME_CBOE_ABSENT,,,,,true,TEK,ISHARES TECHNOLOGY OPPORTUNITIES ACTIVE ETF,PROVIDER_QUERY_RETURNED_OPTION_ROOTS,TEK,186,2026-10-01T19:09:28.288Z,492d0279d21478e75eaf69c790b96486eaa9ff09a9302d331c39fbdd159d137b
TFI,OCC_ETF_NAME_CBOE_ABSENT,,,,,true,TFI,State Street SPDR Nuveen ICE Municipal Bond ETF,PROVIDER_QUERY_RETURNED_OPTION_ROOTS,TFI,136,2026-10-01T19:09:36.807Z,978f1593555bbf1ac4e5825435f707ae3ac2637d35dac226162dd9c7d9f4fc65
THLV,OCC_ETF_NAME_CBOE_ABSENT,,,,,true,THLV,THOR Equal Weight Low Volatility ETF,PROVIDER_QUERY_RETURNED_OPTION_ROOTS,THLV,88,2026-10-01T19:09:46.829Z,cb29dbe0ed9ae994338ebeb1735f972246ab5a88de5d523576c75df37f69e036
THYP,OCC_ETF_NAME_CBOE_ABSENT,,,,,true,THYP,21shares Hyperliquid Staking ETF,PROVIDER_QUERY_RETURNED_OPTION_ROOTS,THYP,274,2026-10-01T19:09:50.344Z,a4e98715dc129d2bc8b8b505798fd3d3ce59295b6017355440f59f2e16662be6
TINT,OCC_ETF_NAME_CBOE_ABSENT,,,,,true,TINT,PROSHARES SMART MATERIALS ETF,PROVIDER_QUERY_RETURNED_OPTION_ROOTS,TINT,172,2026-10-01T19:09:54.858Z,5db03a9f4a4c9131e8dfb62bd830159ab683a57cd89ac808f60551c94554b865
TINY,OCC_ETF_NAME_CBOE_ABSENT,,,,,true,TINY,PROSHARES NANOTECHNOLOGY ETF,PROVIDER_QUERY_RETURNED_OPTION_ROOTS,TINY,266,2026-10-01T19:09:55.381Z,c5b897deebb44e14a7663b07a62e46d1dec5c3007cb9596c8d74003967060ed8
TMFC,OCC_ETF_NAME_CBOE_ABSENT,,,,,true,TMFC,MOTLEY FOOL 100 INDEX ETF,PROVIDER_QUERY_RETURNED_OPTION_ROOTS,TMFC,156,2026-10-01T19:10:09.879Z,36ac34cc073cbfcf550e2052c359375e3b3d1900ac0b42752b6d6b2295ff2a6f
TOLZ,OCC_ETF_NAME_CBOE_ABSENT,,,,,true,TOLZ,PROSHARES DJ BROOKFIELD GLOBAL INFRASTRUCTURE ETF,PROVIDER_QUERY_RETURNED_OPTION_ROOTS,TOLZ,200,2026-10-01T19:10:18.450Z,e617087e3340e19b89c77d36f1786089172d2eebb3affaf02c0179424713f324
TRFK,OCC_ETF_NAME_CBOE_ABSENT,,,,,true,TRFK,PACER DATA AND DIGITAL REVOLUTION ETF,PROVIDER_QUERY_RETURNED_OPTION_ROOTS,TRFK,292,2026-10-01T19:10:33.166Z,8ac3ef63157642ab2dcfe1c4c44936efc3225ec2ac709567ef7d4a397184a2cb
TSLP,OCC_ETF_NAME_CBOE_ABSENT,,,,,true,TSLP,KURV YIELD PREMIUM STRATEGY TESLA TSLA ETF,PROVIDER_QUERY_RETURNED_OPTION_ROOTS,TSLP,110,2026-10-01T19:10:52.527Z,85c9976822878d5b6bbdc3a58d6611541bf64a66f46af43f8641b26096ff1468
TSPY,OCC_ETF_NAME_CBOE_ABSENT,,,,,true,TSPY,TappAlpha S&P500 Grow & Daily Income ETF,PROVIDER_QUERY_RETURNED_OPTION_ROOTS,TSPY,90,2026-10-01T19:10:59.502Z,b4eadad72a2af1573c0bc95d095abb7b436db5253c6276b97090481f8a2b89a5
TXXD,OCC_ETF_NAME_CBOE_ABSENT,,,,,true,TXXD|TXXD1,21SHARES 2X LONG DOGECOIN ETF|21SHARES 2X LONG DOGECOIN ETF (1:10),PROVIDER_QUERY_RETURNED_OPTION_ROOTS,TXXD|TXXD1,260,2026-10-01T19:11:21.571Z,d25f8f76bda91524b83bf00becd3e077c06dcc9fb5dd6a3aad62435b682fb464
TXXS,OCC_ETF_NAME_CBOE_ABSENT,,,,,true,TXXS,21SHARES 2X LONG SUI ETF,PROVIDER_QUERY_RETURNED_OPTION_ROOTS,TXXS,400,2026-10-01T19:11:22.083Z,a81b9ba473cb9b00405f23be40955cb9f9999b23034c23626b8ec37ef45ec92b
UAE,OCC_ETF_NAME_CBOE_ABSENT,,,,,true,UAE,ISHARES MSCI UAE ETF,PROVIDER_QUERY_RETURNED_OPTION_ROOTS,UAE,154,2026-10-01T19:11:27.670Z,923c7e6d36cb7732500ad8958eca74a67d3f0048b1db8c4a99adeafea09e6559
UCOP,OCC_ETF_NAME_CBOE_ABSENT,,,,,true,UCOP,PROSHARES ULTRA COPPER K-1 FREE ETF,PROVIDER_QUERY_RETURNED_OPTION_ROOTS,UCOP,176,2026-10-01T19:11:35.087Z,19c26536b613b294d32c3fc9f08c1b12ddbbf47e4b39522bf3d91bb6cb411ed2
UFOX,OCC_ETF_NAME_CBOE_ABSENT,,,,,true,UFOX,Defiance Space and Connective Tech ETF,PROVIDER_QUERY_RETURNED_OPTION_ROOTS,UFOX,276,2026-10-01T19:11:41.235Z,be2d9e49da53c0e5acf98539013d5db1fee4035330ee396f833309d066a793cf
UGLD,OCC_ETF_NAME_CBOE_ABSENT,,,,,true,UGLD,DIREXION DAILY GOLD BULL 2X ETF,PROVIDER_QUERY_RETURNED_OPTION_ROOTS,UGLD,128,2026-10-01T19:11:44.605Z,363346e18cb3a26ed0eaf24b71fcab41e44ce0ccd24ab372827991f1f2497d58
UPAL,OCC_ETF_NAME_CBOE_ABSENT,,,,,true,UPAL,PROSHARES ULTRA PALLADIUM K-1 FREE ETF,PROVIDER_QUERY_RETURNED_OPTION_ROOTS,UPAL,202,2026-10-01T19:12:01.229Z,40014d8f71ce3bc2a7ed04c9c91165486a4a14387db6ac05e7026e618b467eeb
UPGR,OCC_ETF_NAME_CBOE_ABSENT,,,,,true,UPGR,XTRACKERS US GREEN INFRASTRUCT SELECT EQUITY ETF,PROVIDER_QUERY_RETURNED_OPTION_ROOTS,UPGR,168,2026-10-01T19:12:03.151Z,642879684ab1131eb04f20932e7a278a708a9a0231bf1a51ce1e04aa679887b4
UPLT,OCC_ETF_NAME_CBOE_ABSENT,,,,,true,UPLT,PROSHARES ULTRA PLATINUM K-1 FREE ETF,PROVIDER_QUERY_RETURNED_OPTION_ROOTS,UPLT,160,2026-10-01T19:12:04.154Z,269434ef1266b583989086340e09df22f83ab84318b5fa822381a748ff9754e9
USAI,OCC_ETF_NAME_CBOE_ABSENT,,,,,true,USAI,Pacer American Energy Infrastructure ETF,PROVIDER_QUERY_RETURNED_OPTION_ROOTS,USAI,148,2026-10-01T19:12:14.670Z,16c91b0c941401ded382ef07df79f896bc95e0eec69d5c1e13ed1cb1a034fbb7
USGG,OCC_ETF_NAME_CBOE_ABSENT,,,,,true,USGG,THEMES ETF TRUST LEVERAGE SHARES 2X LONG USAR,PROVIDER_QUERY_RETURNED_OPTION_ROOTS,USGG,152,2026-10-01T19:12:21.262Z,7e58bcc01f7e425de5be86f0410462f2f8b531d47bb4c08c3b488f6723864f6e
USLV,OCC_ETF_NAME_CBOE_ABSENT,,,,,true,USLV,DIREXION DAILY SILVER BULL 2X ETF,PROVIDER_QUERY_RETURNED_OPTION_ROOTS,USLV,182,2026-10-01T19:12:24.288Z,8b2bbaa1302472a8bcb01adaedf2bf935dc99adbcf717b85ea97a6ca859f57f2
USPX,OCC_ETF_NAME_CBOE_ABSENT,,,,,true,USPX,FRANKLIN U.S. EQUITY INDEX ETF,PROVIDER_QUERY_RETURNED_OPTION_ROOTS,USPX,200,2026-10-01T19:12:28.576Z,614e95d01517d1f6fd4c7bc241ff7944e7874bb82b446b01139f145a9c2b63bc
USXF,OCC_ETF_NAME_CBOE_ABSENT,,,,,true,USXF,ISHARES ESG ADVANCED MSCI USA ETF,PROVIDER_QUERY_RETURNED_OPTION_ROOTS,USXF,200,2026-10-01T19:12:29.671Z,acc2fe48c0eee8a9040fd7e575a54fcd4dff2d884bc943f11e1c4e89fafc368d
UTEN,OCC_ETF_NAME_CBOE_ABSENT,,,,,true,UTEN,"THE RBB FUND, INC. US TREASURY 10 YEAR NOTE ETF",PROVIDER_QUERY_RETURNED_OPTION_ROOTS,UTEN,168,2026-10-01T19:12:30.169Z,41a7830e19d5da85b490f13bfae8fd7098027c6f4cbbb4008bc7c5b574c30ec7
UTWO,OCC_ETF_NAME_CBOE_ABSENT,,,,,true,UTWO,"THE RBB FUND, INC. US TREASURY 2 YEAR NOTE ETF",PROVIDER_QUERY_RETURNED_OPTION_ROOTS,UTWO,174,2026-10-01T19:12:33.729Z,b8781749cd21f9457b46a10bc7fd26c74e3dd43b58a2dd927aa252a55d0ab629
UUUG,OCC_ETF_NAME_CBOE_ABSENT,,,,,true,UUUG,THEMES ETF TRUST LEVERAGE SHARES 2X LONG UUUU,PROVIDER_QUERY_RETURNED_OPTION_ROOTS,UUUG,128,2026-10-01T19:12:36.186Z,b72ddadf8d98b67b3be9454c0a416e4cd26542567eea9651a6fd1c5b84b66059
VALG,OCC_ETF_NAME_CBOE_ABSENT,,,,,true,VALG,THEMES ETF LEVERAGE SHARES 2X LONG VALE DAILY ETF,PROVIDER_QUERY_RETURNED_OPTION_ROOTS,VALG,174,2026-10-01T19:12:45.275Z,226f9002a19b1307b14599f3fbd83ed0defc7034c3ff1275bf8b689e72b67a7b
VALQ,OCC_ETF_NAME_CBOE_ABSENT,,,,,true,VALQ,American Century U.S. Quality Value ETF,PROVIDER_QUERY_RETURNED_OPTION_ROOTS,VALQ,112,2026-10-01T19:12:45.781Z,4b40cda19ccc52fc806a0ca7c6ca9f4772e5433c26e4801163a038d75995c307
VEGN,OCC_ETF_NAME_CBOE_ABSENT,,,,,true,VEGN,US VEGAN CLIMATE ETF,PROVIDER_QUERY_RETURNED_OPTION_ROOTS,VEGN,162,2026-10-01T19:12:57.263Z,17a938d3f3252d9e5757f0f5fbd235e68cd7506d0d51e1ffcaff45b451e91a1d
VFLO,OCC_ETF_NAME_CBOE_ABSENT,,,,,true,VFLO,VICTORYSHARES FREE CASH FLOW ETF,PROVIDER_QUERY_RETURNED_OPTION_ROOTS,VFLO,148,2026-10-01T19:13:04.737Z,891c44c348779df121420e3cead32f4a114a2830b2d0c7f9bcfe8a8d858805a8
VFMV,OCC_ETF_NAME_CBOE_ABSENT,,,,,true,VFMV,VANGUARD U.S. MINIMUM VOLATILITY ETF,PROVIDER_QUERY_RETURNED_OPTION_ROOTS,VFMV,136,2026-10-01T19:13:06.263Z,dd9d11b726f95976cbd13c0784323d15373f523ba103dca6e16fd4d7a5898e4b
VFVA,OCC_ETF_NAME_CBOE_ABSENT,,,,,true,VFVA,VANGUARD U.S. VALUE FACTOR ETF,PROVIDER_QUERY_RETURNED_OPTION_ROOTS,VFVA,192,2026-10-01T19:13:07.808Z,effd48c1a14ae7871c8ce0fb45b1a8b7efcbc35b014b37b4d5767fe112342acf
VICE,OCC_ETF_NAME_CBOE_ABSENT,,,,,true,VICE,ADVISORSHARES VICE ETF,QUERY_EMPTY_UNDERLYING_IDENTITY_UNRESOLVED,,0,2026-10-01T19:13:13.794Z,1f658520ea6652ca12d7aa281f2bf6ffe81b3f3f096fdaa9ebcfa8bec364ed11
VIOG,OCC_ETF_NAME_CBOE_ABSENT,,,,,true,VIOG,VANGUARD S&P SMALL-CAP 600 GROWTH ETF,PROVIDER_QUERY_RETURNED_OPTION_ROOTS,VIOG,226,2026-10-01T19:13:17.286Z,a5f3183e2f14fe99acbdee45d52c23bfa917e365874db9f0a2b62c5ec52e0424
VLU,OCC_ETF_NAME_CBOE_ABSENT,,,,,true,VLU,State Street SPDR S&P 1500 Value Tilt ETF,PROVIDER_QUERY_RETURNED_OPTION_ROOTS,VLU,96,2026-10-01T19:13:26.809Z,3b75aeada1f38aade6a01a123b64d584adee25a440a24f4c1db3ad343f7b9c92
VNAM,OCC_ETF_NAME_CBOE_ABSENT,,,,,true,VNAM,GLOBAL X MSCI VIETNAM ETF,PROVIDER_QUERY_RETURNED_OPTION_ROOTS,VNAM,158,2026-10-01T19:13:30.878Z,ac3a56d06304b5c627691a73015d7e49994bfce55958dd25d1bcc33ea63e4ec5
VNLA,OCC_ETF_NAME_CBOE_ABSENT,,,,,true,VNLA,JANUS HENDERSON SHORT DURATION INCOME ETF,PROVIDER_QUERY_RETURNED_OPTION_ROOTS,VNLA,88,2026-10-01T19:13:32.397Z,c3a861b0f292ae4a6ca5b152b4c765d180fbfbc77a5eb7f5ec97f383b1748e77
VOLT,OCC_ETF_NAME_CBOE_ABSENT,,,,,true,VOLT,TEMA ETF TRUST TEMA ELECTRIFICATION ETF,PROVIDER_QUERY_RETURNED_OPTION_ROOTS,VOLT,182,2026-10-01T19:13:38.328Z,c49ebe11c9e9ed9d3fe0beea7b3c10740e9d79f88208efb26cb6380e1e1b9c27
VONG,OCC_ETF_NAME_CBOE_ABSENT,,,,,true,VONG,VANGUARD RUSSELL 1000 GROWTH ETF,PROVIDER_QUERY_RETURNED_OPTION_ROOTS,VONG,236,2026-10-01T19:13:39.351Z,5b3b3961ff23c48a5baf6d10d2d08fada095541f3bacffa5012f64fb2ce6a98b
VONV,OCC_ETF_NAME_CBOE_ABSENT,,,,,true,VONV,VANGUARD RUSSELL 1000 VALUE ETF,PROVIDER_QUERY_RETURNED_OPTION_ROOTS,VONV,200,2026-10-01T19:13:39.827Z,554374ef996f2c084005a6d2a496885cbe309549e303c429091aa9de0ebea3a5
WDIV,OCC_ETF_NAME_CBOE_ABSENT,,,,,true,WDIV,State Street SPDR S&P Global Dividend ETF,PROVIDER_QUERY_RETURNED_OPTION_ROOTS,WDIV,200,2026-10-01T19:14:30.137Z,fabee139ec9bd0bb3bdd2b524b2bfbb0fabe2187938d425bc0085763d43a9a9a
WISE,OCC_ETF_NAME_CBOE_ABSENT,,,,,true,WISE,THEMES GENERATIVE ARTIFICIAL INTELLIGENCE ETF,PROVIDER_QUERY_RETURNED_OPTION_ROOTS,WISE,188,2026-10-01T19:14:46.489Z,9fa42102c2b9e1d229ff0c44e5411820bad7764e447d538b9a2d49f9a59912a7
WXET,OCC_ETF_NAME_CBOE_ABSENT,,,,,true,WXET,TEUCRIUM 2X DAILY WHEAT ETF,PROVIDER_QUERY_RETURNED_OPTION_ROOTS,WXET,168,2026-10-01T19:15:20.466Z,56ee0bd8e1cf7a536ffa74aa53d43ba0e78ca6cc3eb9a7f66a69f09200b91325
XBTY,OCC_ETF_NAME_CBOE_ABSENT,,,,,true,XBTY,GRANITESHARES ETF TRUST GRANITESHARES YIELDBOOST,PROVIDER_QUERY_RETURNED_OPTION_ROOTS,XBTY,94,2026-10-01T19:15:26.931Z,d8a065902d083e623aa3ec6256dccd2c525c2dda3de990d0d423c938f785b199
XDAT,OCC_ETF_NAME_CBOE_ABSENT,,,,,true,XDAT,FRANKLIN EXPONENTIAL DATA ETF,PROVIDER_QUERY_RETURNED_OPTION_ROOTS,XDAT,168,2026-10-01T19:15:28.938Z,6c43c9e110fdfb1e613aeb2fddf8d62b11c1b54f117da74dd7f68490ae7f1323
XHS,OCC_ETF_NAME_CBOE_ABSENT,,,,,true,XHS,State Street SPDR S&P Health Care Services ETF,PROVIDER_QUERY_RETURNED_OPTION_ROOTS,XHS,188,2026-10-01T19:15:38.972Z,cf764fddc7fdd324e575dbf382fea378c58bf0ce348d621adb05a3d37508358e
XNTK,OCC_ETF_NAME_CBOE_ABSENT,,,,,true,XNTK,State Street SPDR NYSE Technology ETF,PROVIDER_QUERY_RETURNED_OPTION_ROOTS,XNTK,354,2026-10-01T19:15:53.967Z,565b6ce3615470cd04c16c792f0a88c38b431409200ed0967b332ab8e5134cd4
XOMO,OCC_ETF_NAME_CBOE_ABSENT,,,,,true,XOMO,YIELDMAX XOM OPTION INCOME STRATEGY ETF,PROVIDER_QUERY_RETURNED_OPTION_ROOTS,XOMO,88,2026-10-01T19:15:54.891Z,2f2369e2daf37ff91bcda31c547d522df0ad34a1e0d27e1115b3a033126a3765
XPEG,OCC_ETF_NAME_CBOE_ABSENT,,,,,true,XPEG,THEMES ETF LEVERAGE SHARES 2X LONG XPEV DAILY ETF,PROVIDER_QUERY_RETURNED_OPTION_ROOTS,XPEG,108,2026-10-01T19:15:56.899Z,9534a8a2f54d472c85c05ab03349bbdac1ac62c2b29188c3e28948205540da27
XPND,OCC_ETF_NAME_CBOE_ABSENT,,,,,true,XPND,FIRST TRUST EXPANDED TECHNOLOGY ETF,PROVIDER_QUERY_RETURNED_OPTION_ROOTS,XPND,96,2026-10-01T19:15:59.413Z,6c00af4d8ed9788beb4469c0783626cad5f2edc1b738ca00ac4cc456fe720fb9
XSHQ,OCC_ETF_NAME_CBOE_ABSENT,,,,,true,XSHQ,INVESCO S&P SMALLCAP QUALITY ETF,PROVIDER_QUERY_RETURNED_OPTION_ROOTS,XSHQ,168,2026-10-01T19:16:08.931Z,83e8c2d81f08e099ea4bddb22011de351581cac698d160d7283e1f63dfcfb64c
XSLV,OCC_ETF_NAME_CBOE_ABSENT,,,,,true,XSLV,INVESCO S&P SMALLCAP LOW VOLATILITY ETF,PROVIDER_QUERY_RETURNED_OPTION_ROOTS,XSLV,136,2026-10-01T19:16:09.420Z,3595bd57df2c8d1e236da1c7a99eda4a523e700fdbc063a0612e3c508a101e4a
XSMO,OCC_ETF_NAME_CBOE_ABSENT,,,,,true,XSMO,INVESCO S&P SMALLCAP MOMENTUM ETF,PROVIDER_QUERY_RETURNED_OPTION_ROOTS,XSMO,198,2026-10-01T19:16:09.923Z,d86c4a879aaa21f0e92a3dfc3b11ff8d148dc8d134a36a4c5c510b90236cc422
XVV,OCC_ETF_NAME_CBOE_ABSENT,,,,,true,XVV,iShares ESG Select Screened S&P 500 ETF,PROVIDER_QUERY_RETURNED_OPTION_ROOTS,XVV,200,2026-10-01T19:16:15.034Z,29475df9f03c6200a0a7e58286935c4d5f02398359645ad25ea71c0c50f54592
XYZY,OCC_ETF_NAME_CBOE_ABSENT,,,,,true,XYZY,YieldMax XYZ Option Income Strategy ETF,PROVIDER_QUERY_RETURNED_OPTION_ROOTS,XYZY,132,2026-10-01T19:16:18.944Z,c0c6bcdcffd61032cf5715c991ac1253f0c2e18ecb6952a097bb4f00ee6e8da7
YALL,OCC_ETF_NAME_CBOE_ABSENT,,,,,true,YALL,Truth Social God Bless America ETF,PROVIDER_QUERY_RETURNED_OPTION_ROOTS,YALL,172,2026-10-01T19:16:19.959Z,e47efc1ebc97b64aa34d202665e55f06a3df0dc696f7ad7b4aa509b6a3d3e1d8
YBIT,OCC_ETF_NAME_CBOE_ABSENT,,,,,true,YBIT,YIELDMAX BITCOIN OPTION INCOME STRATEGY ETF,PROVIDER_QUERY_RETURNED_OPTION_ROOTS,YBIT,140,2026-10-01T19:16:20.963Z,6957c1961427bac1a9f7a7e7be491dbf1906ba8af0a724d28945c290d6bca88a
YQQQ,OCC_ETF_NAME_CBOE_ABSENT,,,,,true,YQQQ,YIELDMAX SHORT N100 OPTION INCOME STRATEGY ETF,PROVIDER_QUERY_RETURNED_OPTION_ROOTS,YQQQ,88,2026-10-01T19:16:29.967Z,85a257f8265b74bca1bc05773d1bab47aa39bb3a2790c5940c49c82b2956aff4
YYY,OCC_ETF_NAME_CBOE_ABSENT,,,,,true,YYY,Amplify CEF High Income ETF,PROVIDER_QUERY_RETURNED_OPTION_ROOTS,YYY,88,2026-10-01T19:16:33.977Z,8aed7ca2168a5197cc6c3f90e5b49c80a9af74a17c22f8f5ee2597c344dcb369
ZAP,OCC_ETF_NAME_CBOE_ABSENT,,,,,true,ZAP,GLOBAL X FUNDS GLOBAL X U.S. ELECTRIFICATION ETF,PROVIDER_QUERY_RETURNED_OPTION_ROOTS,ZAP,188,2026-10-01T19:16:34.983Z,572eb1848d83542eccf100a5503fc37dafabdfbca4aa7e2d288eba02e922f18a
ZHDG,OCC_ETF_NAME_CBOE_ABSENT,,,,,true,ZHDG,ZEGA BUY & HEDGE ETF,PROVIDER_QUERY_RETURNED_OPTION_ROOTS,ZHDG,88,2026-10-01T19:16:41.496Z,8e8d4fbb0167231f262cb756da98700b0ee76e310dfd5634a9135746f715ca49
