rank,tier,symbol,product_type,preferred_exact_class_root,alternate_exact_class_root,watch_status,family,exit_reliability_v0,pr33_four_leg_positive_slots,four_leg_expirations_21_100_dte,near_atm_min_side_strikes_best_expiry,best_half_spread_sum_over_min_wing,min_display_size_or_exit_side_size,min_open_interest,mean_option_leg_volume,underlying_volume,observed_positive_expiration,basis,caveat,evidence_source,evidence_sha256
1,CORE,SPY,ETF,SPY,,MARKET_EVIDENCE_POSITIVE,US_LARGE,95.5,2,8,76,0.0017,41,69,629.75,47708058,2026-12-18,2/2 fixed expirations with four usable option legs on 2026-10-01; best displayed half-spread/wing 0.2%; 8 dated 21–100 DTE four-leg expirations; us large exposure; 76 near-ATM strike pairs on best dated expiration,,PR33,668ae4c96661e30bd16ad3ba2c68359178525eafca8d17d0e3aa3093f1e0d163
2,CORE,QQQ,ETF,QQQ,,MARKET_EVIDENCE_POSITIVE,US_NASDAQ,45.3,1,8,74,0.0106,2,23,128.25,35728920,2026-12-18,1/2 fixed expirations with four usable option legs on 2026-10-01; best displayed half-spread/wing 1.1%; 8 dated 21–100 DTE four-leg expirations; us nasdaq exposure; 74 near-ATM strike pairs on best dated expiration,Only one of two fixed PR #33 expiration slots had four usable legs.,PR33,668ae4c96661e30bd16ad3ba2c68359178525eafca8d17d0e3aa3093f1e0d163
3,CORE,IWM,ETF,IWM,,MARKET_EVIDENCE_POSITIVE,US_SMALL_MID,83.3,2,7,31,0.0096,30,29,1519.75,34054343,2026-12-18,2/2 fixed expirations with four usable option legs on 2026-10-01; best displayed half-spread/wing 1.0%; 7 dated 21–100 DTE four-leg expirations; us small mid exposure; 31 near-ATM strike pairs on best dated expiration,,PR33,668ae4c96661e30bd16ad3ba2c68359178525eafca8d17d0e3aa3093f1e0d163
4,CORE,DIA,ETF,DIA,,MARKET_EVIDENCE_POSITIVE,US_LARGE,90.2,2,7,51,0.0285,22,0,171.5,4413745,2026-11-13,2/2 fixed expirations with four usable option legs on 2026-10-01; best displayed half-spread/wing 2.9%; 7 dated 21–100 DTE four-leg expirations; us large exposure; 51 near-ATM strike pairs on best dated expiration,,PR33,668ae4c96661e30bd16ad3ba2c68359178525eafca8d17d0e3aa3093f1e0d163
5,CORE,TLT,ETF,TLT,,MARKET_EVIDENCE_POSITIVE,TREASURY_RATES,94.7,2,8,12,0.0133,62,10385,9111.5,83642575,2026-12-18,2/2 fixed expirations with four usable option legs on 2026-10-01; best displayed half-spread/wing 1.3%; 8 dated 21–100 DTE four-leg expirations; treasury rates exposure; 12 near-ATM strike pairs on best dated expiration,,PR33,668ae4c96661e30bd16ad3ba2c68359178525eafca8d17d0e3aa3093f1e0d163
6,CORE,IEF,ETF,IEF,,MARKET_EVIDENCE_POSITIVE,TREASURY_RATES,82.0,2,6,14,0.0163,175,0,28.25,13507573,2026-12-18,2/2 fixed expirations with four usable option legs on 2026-10-01; best displayed half-spread/wing 1.6%; 6 dated 21–100 DTE four-leg expirations; treasury rates exposure; 14 near-ATM strike pairs on best dated expiration,,PR33,668ae4c96661e30bd16ad3ba2c68359178525eafca8d17d0e3aa3093f1e0d163
7,CORE,GLD,ETF,GLD,,MARKET_EVIDENCE_POSITIVE,PRECIOUS_METAL,46.4,1,7,34,0.0224,23,2,5.75,6095924,2026-12-18,1/2 fixed expirations with four usable option legs on 2026-10-01; best displayed half-spread/wing 2.2%; 7 dated 21–100 DTE four-leg expirations; precious metal exposure; 34 near-ATM strike pairs on best dated expiration,Only one of two fixed PR #33 expiration slots had four usable legs.,PR33,668ae4c96661e30bd16ad3ba2c68359178525eafca8d17d0e3aa3093f1e0d163
8,CORE,SLV,ETF,SLV,,MARKET_EVIDENCE_POSITIVE,PRECIOUS_METAL,87.9,2,7,11,0.0475,11,1746,105.75,12131504,2026-12-18,2/2 fixed expirations with four usable option legs on 2026-10-01; best displayed half-spread/wing 4.8%; 7 dated 21–100 DTE four-leg expirations; precious metal exposure; 11 near-ATM strike pairs on best dated expiration,,PR33,668ae4c96661e30bd16ad3ba2c68359178525eafca8d17d0e3aa3093f1e0d163
9,CORE,XLF,ETF,XLF,,MARKET_EVIDENCE_POSITIVE,US_SECTOR,44.5,1,7,10,0.1183,20,8887,34.25,41547201,2026-12-18,1/2 fixed expirations with four usable option legs on 2026-10-01; best displayed half-spread/wing 11.8%; 7 dated 21–100 DTE four-leg expirations; us sector exposure; 10 near-ATM strike pairs on best dated expiration,Only one of two fixed PR #33 expiration slots had four usable legs.,PR33,668ae4c96661e30bd16ad3ba2c68359178525eafca8d17d0e3aa3093f1e0d163
10,CORE,XLE,ETF,XLE,,MARKET_EVIDENCE_POSITIVE,ENERGY_EQUITY,45.1,1,7,12,0.1817,32,951,86.0,41690271,2026-12-18,1/2 fixed expirations with four usable option legs on 2026-10-01; best displayed half-spread/wing 18.2%; 7 dated 21–100 DTE four-leg expirations; energy equity exposure; 12 near-ATM strike pairs on best dated expiration,Only one of two fixed PR #33 expiration slots had four usable legs.,PR33,668ae4c96661e30bd16ad3ba2c68359178525eafca8d17d0e3aa3093f1e0d163
11,CORE,XLK,ETF,XLK,,MARKET_EVIDENCE_POSITIVE,US_SECTOR,60.2,2,6,10,0.4556,13,0,3.5,10923318,2026-11-13,2/2 fixed expirations with four usable option legs on 2026-10-01; best displayed half-spread/wing 45.6%; 6 dated 21–100 DTE four-leg expirations; us sector exposure; 10 near-ATM strike pairs on best dated expiration,,PR33,668ae4c96661e30bd16ad3ba2c68359178525eafca8d17d0e3aa3093f1e0d163
12,CORE,SMH,ETF,SMH,,MARKET_EVIDENCE_POSITIVE,SEMICONDUCTOR_TECH,37.3,1,6,15,0.1658,11,427,45.25,5111682,2026-12-18,1/2 fixed expirations with four usable option legs on 2026-10-01; best displayed half-spread/wing 16.6%; 6 dated 21–100 DTE four-leg expirations; semiconductor tech exposure; 15 near-ATM strike pairs on best dated expiration,Only one of two fixed PR #33 expiration slots had four usable legs.,PR33,668ae4c96661e30bd16ad3ba2c68359178525eafca8d17d0e3aa3093f1e0d163
13,CORE,GDX,ETF,GDX,,MARKET_EVIDENCE_POSITIVE,PRECIOUS_METAL,68.4,2,6,10,0.1175,24,690,24.0,23506488,2026-12-18,2/2 fixed expirations with four usable option legs on 2026-10-01; best displayed half-spread/wing 11.7%; 6 dated 21–100 DTE four-leg expirations; precious metal exposure; 10 near-ATM strike pairs on best dated expiration,,PR33,668ae4c96661e30bd16ad3ba2c68359178525eafca8d17d0e3aa3093f1e0d163
14,CORE,SPX,INDEX,SPXW,SPX,MARKET_EVIDENCE_POSITIVE,INDEX_US,,,19,,0.0016,25,46,11.75,,2026-11-13,four usable option legs on 2026-10-02; best displayed half-spread/wing 0.2%; 19 dated 21–100 DTE four-leg expirations; index us exposure,Prefer SPXW PM-settled root; SPX AM-settled root remains distinct. Large contract notional; confirm intended tastytrade bracket workflow. SPY exposure overlap; cash-settled index and large notional,OCT02,773b3066e0d1fe3265dd6aa3445d5d89baaf5365a6691257650baecf3fd69f5d
15,CORE,XSP,INDEX,XSP,,MARKET_EVIDENCE_POSITIVE,INDEX_US,,,17,,0.0091,114,18,4.0,,2026-11-13,four usable option legs on 2026-10-02; best displayed half-spread/wing 0.9%; 17 dated 21–100 DTE four-leg expirations; index us exposure,Separate cash-settled Mini-SPX class; confirm intended tastytrade bracket workflow. SPY/SPX exposure overlap; smaller cash-settled index,OCT02,773b3066e0d1fe3265dd6aa3445d5d89baaf5365a6691257650baecf3fd69f5d
16,ESTABLISHED,XLI,ETF,XLI,,MARKET_EVIDENCE_POSITIVE,US_SECTOR,35.0,1,6,19,0.2213,10,15,84.25,9335068,2026-12-18,1/2 fixed expirations with four usable option legs on 2026-10-01; best displayed half-spread/wing 22.1%; 6 dated 21–100 DTE four-leg expirations; us sector exposure; 19 near-ATM strike pairs on best dated expiration,Only one of two fixed PR #33 expiration slots had four usable legs.,PR33,668ae4c96661e30bd16ad3ba2c68359178525eafca8d17d0e3aa3093f1e0d163
17,ESTABLISHED,XLU,ETF,XLU,,MARKET_EVIDENCE_POSITIVE,US_SECTOR,41.8,1,6,8,0.215,12,78,15.75,61370539,2026-12-18,1/2 fixed expirations with four usable option legs on 2026-10-01; best displayed half-spread/wing 21.5%; 6 dated 21–100 DTE four-leg expirations; us sector exposure; 8 near-ATM strike pairs on best dated expiration,Only one of two fixed PR #33 expiration slots had four usable legs.,PR33,668ae4c96661e30bd16ad3ba2c68359178525eafca8d17d0e3aa3093f1e0d163
18,ESTABLISHED,XBI,ETF,XBI,,MARKET_EVIDENCE_POSITIVE,BIOTECH_HEALTH,58.0,2,6,18,0.4006,49,40,10.5,11574858,2026-12-18,2/2 fixed expirations with four usable option legs on 2026-10-01; best displayed half-spread/wing 40.1%; 6 dated 21–100 DTE four-leg expirations; biotech health exposure; 18 near-ATM strike pairs on best dated expiration,,PR33,668ae4c96661e30bd16ad3ba2c68359178525eafca8d17d0e3aa3093f1e0d163
19,ESTABLISHED,USO,ETF,USO,,MARKET_EVIDENCE_POSITIVE,ENERGY_COMMODITY,61.4,2,6,17,0.1607,5,206,43.5,5943537,2026-12-18,2/2 fixed expirations with four usable option legs on 2026-10-01; best displayed half-spread/wing 16.1%; 6 dated 21–100 DTE four-leg expirations; energy commodity exposure; 17 near-ATM strike pairs on best dated expiration,Commodity futures fund with roll effects; reference is ETF shares.,PR33,668ae4c96661e30bd16ad3ba2c68359178525eafca8d17d0e3aa3093f1e0d163
20,ESTABLISHED,UNG,ETF,UNG,,MARKET_EVIDENCE_POSITIVE,ENERGY_COMMODITY,60.8,2,5,2,0.165,7,713,465.0,32607372,2026-11-20,2/2 fixed expirations with four usable option legs on 2026-10-01; best displayed half-spread/wing 16.5%; 5 dated 21–100 DTE four-leg expirations; energy commodity exposure; 2 near-ATM strike pairs on best dated expiration,Natural-gas futures fund with roll effects and large moves.,PR33,668ae4c96661e30bd16ad3ba2c68359178525eafca8d17d0e3aa3093f1e0d163
21,ESTABLISHED,MDY,ETF,MDY,,MARKET_EVIDENCE_POSITIVE,US_SMALL_MID,32.1,1,2,13,0.26,2,0,1.25,860370,2026-12-18,1/2 fixed expirations with four usable option legs on 2026-10-01; best displayed half-spread/wing 26.0%; 2 dated 21–100 DTE four-leg expirations; us small mid exposure; 13 near-ATM strike pairs on best dated expiration,Only one of two fixed PR #33 expiration slots had four usable legs.,PR33,668ae4c96661e30bd16ad3ba2c68359178525eafca8d17d0e3aa3093f1e0d163
22,ESTABLISHED,IJR,ETF,IJR,,MARKET_EVIDENCE_POSITIVE,US_SMALL_MID,28.2,1,1,5,0.435,19,0,0.0,5357116,2026-11-20,1/2 fixed expirations with four usable option legs on 2026-10-01; best displayed half-spread/wing 43.5%; 1 dated 21–100 DTE four-leg expirations; us small mid exposure; 5 near-ATM strike pairs on best dated expiration,Only one of two fixed PR #33 expiration slots had four usable legs.,PR33,668ae4c96661e30bd16ad3ba2c68359178525eafca8d17d0e3aa3093f1e0d163
23,ESTABLISHED,IEMG,ETF,IEMG,,MARKET_EVIDENCE_POSITIVE,INTERNATIONAL,54.0,2,2,8,0.5312,125,0,0.25,14262423,2026-11-20,2/2 fixed expirations with four usable option legs on 2026-10-01; best displayed half-spread/wing 53.1%; 2 dated 21–100 DTE four-leg expirations; international exposure; 8 near-ATM strike pairs on best dated expiration,,PR33,668ae4c96661e30bd16ad3ba2c68359178525eafca8d17d0e3aa3093f1e0d163
24,ESTABLISHED,VEA,ETF,VEA,,MARKET_EVIDENCE_POSITIVE,INTERNATIONAL,38.7,1,2,7,0.75,51,40,0.75,12094066,2026-12-18,1/2 fixed expirations with four usable option legs on 2026-10-01; best displayed half-spread/wing 75.0%; 2 dated 21–100 DTE four-leg expirations; international exposure; 7 near-ATM strike pairs on best dated expiration,Only one of two fixed PR #33 expiration slots had four usable legs.,PR33,668ae4c96661e30bd16ad3ba2c68359178525eafca8d17d0e3aa3093f1e0d163
25,ESTABLISHED,EWG,ETF,EWG,,MARKET_EVIDENCE_POSITIVE,INTERNATIONAL,71.7,2,2,4,0.125,6,107,3.0,1221318,2026-12-18,2/2 fixed expirations with four usable option legs on 2026-10-01; best displayed half-spread/wing 12.5%; 2 dated 21–100 DTE four-leg expirations; international exposure; 4 near-ATM strike pairs on best dated expiration,,PR33,668ae4c96661e30bd16ad3ba2c68359178525eafca8d17d0e3aa3093f1e0d163
26,ESTABLISHED,EWZ,ETF,EWZ,,MARKET_EVIDENCE_POSITIVE,INTERNATIONAL,38.8,1,7,7,0.38,12,7524,9742.5,34747949,2026-12-18,1/2 fixed expirations with four usable option legs on 2026-10-01; best displayed half-spread/wing 38.0%; 7 dated 21–100 DTE four-leg expirations; international exposure; 7 near-ATM strike pairs on best dated expiration,Only one of two fixed PR #33 expiration slots had four usable legs.,PR33,668ae4c96661e30bd16ad3ba2c68359178525eafca8d17d0e3aa3093f1e0d163
27,ESTABLISHED,EWT,ETF,EWT,,MARKET_EVIDENCE_POSITIVE,INTERNATIONAL,54.0,2,2,9,0.93,11,4,1.5,5040855,2026-11-20,2/2 fixed expirations with four usable option legs on 2026-10-01; best displayed half-spread/wing 93.0%; 2 dated 21–100 DTE four-leg expirations; international exposure; 9 near-ATM strike pairs on best dated expiration,,PR33,668ae4c96661e30bd16ad3ba2c68359178525eafca8d17d0e3aa3093f1e0d163
28,ESTABLISHED,EWY,ETF,EWY,,MARKET_EVIDENCE_POSITIVE,INTERNATIONAL,56.6,2,6,18,0.8325,3,1217,11.25,12028724,2026-12-18,2/2 fixed expirations with four usable option legs on 2026-10-01; best displayed half-spread/wing 83.2%; 6 dated 21–100 DTE four-leg expirations; international exposure; 18 near-ATM strike pairs on best dated expiration,,PR33,668ae4c96661e30bd16ad3ba2c68359178525eafca8d17d0e3aa3093f1e0d163
29,ESTABLISHED,ASHR,ETF,ASHR,,MARKET_EVIDENCE_POSITIVE,INTERNATIONAL,44.9,1,6,7,0.15,14,653,0.0,4794287,2026-12-18,1/2 fixed expirations with four usable option legs on 2026-10-01; best displayed half-spread/wing 15.0%; 6 dated 21–100 DTE four-leg expirations; international exposure; 7 near-ATM strike pairs on best dated expiration,Only one of two fixed PR #33 expiration slots had four usable legs.,PR33,668ae4c96661e30bd16ad3ba2c68359178525eafca8d17d0e3aa3093f1e0d163
30,ESTABLISHED,FEZ,ETF,FEZ,,MARKET_EVIDENCE_POSITIVE,INTERNATIONAL,40.9,1,5,11,0.0688,11,0,14.25,2117092,2026-11-20,1/2 fixed expirations with four usable option legs on 2026-10-01; best displayed half-spread/wing 6.9%; 5 dated 21–100 DTE four-leg expirations; international exposure; 11 near-ATM strike pairs on best dated expiration,Only one of two fixed PR #33 expiration slots had four usable legs.,PR33,668ae4c96661e30bd16ad3ba2c68359178525eafca8d17d0e3aa3093f1e0d163
31,ESTABLISHED,ILF,ETF,ILF,,MARKET_EVIDENCE_POSITIVE,INTERNATIONAL,55.7,2,2,3,0.625,13,0,10.0,11197883,2026-11-20,2/2 fixed expirations with four usable option legs on 2026-10-01; best displayed half-spread/wing 62.5%; 2 dated 21–100 DTE four-leg expirations; international exposure; 3 near-ATM strike pairs on best dated expiration,,PR33,668ae4c96661e30bd16ad3ba2c68359178525eafca8d17d0e3aa3093f1e0d163
32,ESTABLISHED,KWEB,ETF,KWEB,,MARKET_EVIDENCE_POSITIVE,INTERNATIONAL,31.8,1,6,5,0.745,903,790,3173.5,13422559,2026-12-18,1/2 fixed expirations with four usable option legs on 2026-10-01; best displayed half-spread/wing 74.5%; 6 dated 21–100 DTE four-leg expirations; international exposure; 5 near-ATM strike pairs on best dated expiration,Only one of two fixed PR #33 expiration slots had four usable legs.,PR33,668ae4c96661e30bd16ad3ba2c68359178525eafca8d17d0e3aa3093f1e0d163
33,ESTABLISHED,VNQ,ETF,VNQ,,MARKET_EVIDENCE_POSITIVE,US_SECTOR,56.9,2,2,8,0.3167,6,1,34.75,7406901,2026-11-20,2/2 fixed expirations with four usable option legs on 2026-10-01; best displayed half-spread/wing 31.7%; 2 dated 21–100 DTE four-leg expirations; us sector exposure; 8 near-ATM strike pairs on best dated expiration,,PR33,668ae4c96661e30bd16ad3ba2c68359178525eafca8d17d0e3aa3093f1e0d163
34,ESTABLISHED,KRE,ETF,KRE,,MARKET_EVIDENCE_POSITIVE,US_SECTOR,33.7,1,7,12,0.8883,10,424,64.0,21331239,2026-12-18,1/2 fixed expirations with four usable option legs on 2026-10-01; best displayed half-spread/wing 88.8%; 7 dated 21–100 DTE four-leg expirations; us sector exposure; 12 near-ATM strike pairs on best dated expiration,Only one of two fixed PR #33 expiration slots had four usable legs.,PR33,668ae4c96661e30bd16ad3ba2c68359178525eafca8d17d0e3aa3093f1e0d163
35,ESTABLISHED,XOP,ETF,XOP,,MARKET_EVIDENCE_POSITIVE,ENERGY_EQUITY,53.8,2,6,20,0.2917,1,5,7.5,3311715,2026-12-18,2/2 fixed expirations with four usable option legs on 2026-10-01; best displayed half-spread/wing 29.2%; 6 dated 21–100 DTE four-leg expirations; energy equity exposure; 20 near-ATM strike pairs on best dated expiration,,PR33,668ae4c96661e30bd16ad3ba2c68359178525eafca8d17d0e3aa3093f1e0d163
36,ESTABLISHED,IGV,ETF,IGV,,MARKET_EVIDENCE_POSITIVE,SEMICONDUCTOR_TECH,59.9,2,6,15,0.3242,321,80,32.75,10467921,2026-12-18,2/2 fixed expirations with four usable option legs on 2026-10-01; best displayed half-spread/wing 32.4%; 6 dated 21–100 DTE four-leg expirations; semiconductor tech exposure; 15 near-ATM strike pairs on best dated expiration,,PR33,668ae4c96661e30bd16ad3ba2c68359178525eafca8d17d0e3aa3093f1e0d163
37,ESTABLISHED,GDXJ,ETF,GDXJ,,MARKET_EVIDENCE_POSITIVE,PRECIOUS_METAL,58.3,2,6,13,0.7708,25,18,0.0,4948842,2026-12-18,2/2 fixed expirations with four usable option legs on 2026-10-01; best displayed half-spread/wing 77.1%; 6 dated 21–100 DTE four-leg expirations; precious metal exposure; 13 near-ATM strike pairs on best dated expiration,GDX miners overlap; junior-miner exposure,PR33,668ae4c96661e30bd16ad3ba2c68359178525eafca8d17d0e3aa3093f1e0d163
38,ESTABLISHED,SIL,ETF,SIL,,MARKET_EVIDENCE_POSITIVE,PRECIOUS_METAL,58.7,2,2,6,0.38,108,16,9.75,999375,2026-12-18,2/2 fixed expirations with four usable option legs on 2026-10-01; best displayed half-spread/wing 38.0%; 2 dated 21–100 DTE four-leg expirations; precious metal exposure; 6 near-ATM strike pairs on best dated expiration,,PR33,668ae4c96661e30bd16ad3ba2c68359178525eafca8d17d0e3aa3093f1e0d163
39,ESTABLISHED,IBIT,ETF,IBIT,,MARKET_EVIDENCE_POSITIVE,CRYPTO_ASSET,86.6,2,7,9,0.025,16,507,526.5,31201001,2026-12-18,2/2 fixed expirations with four usable option legs on 2026-10-01; best displayed half-spread/wing 2.5%; 7 dated 21–100 DTE four-leg expirations; crypto asset exposure; 9 near-ATM strike pairs on best dated expiration,Spot Bitcoin trust; gap and weekend reference risk; neutral structure still needs opportunity gate.,PR33,668ae4c96661e30bd16ad3ba2c68359178525eafca8d17d0e3aa3093f1e0d163
40,ESTABLISHED,ETHA,ETF,ETHA,,MARKET_EVIDENCE_POSITIVE,CRYPTO_ASSET,77.7,2,6,4,0.095,20,1083,778.0,18452139,2026-12-18,2/2 fixed expirations with four usable option legs on 2026-10-01; best displayed half-spread/wing 9.5%; 6 dated 21–100 DTE four-leg expirations; crypto asset exposure; 4 near-ATM strike pairs on best dated expiration,Spot Ethereum trust; gap and weekend reference risk; neutral structure still needs opportunity gate.,PR33,668ae4c96661e30bd16ad3ba2c68359178525eafca8d17d0e3aa3093f1e0d163
41,ESTABLISHED,VUG,ETF,VUG,,MARKET_EVIDENCE_POSITIVE,US_LARGE,58.5,2,2,11,0.2375,14,0,1.0,7208962,2026-11-20,2/2 fixed expirations with four usable option legs on 2026-10-01; best displayed half-spread/wing 23.8%; 2 dated 21–100 DTE four-leg expirations; us large exposure; 11 near-ATM strike pairs on best dated expiration,,PR33,668ae4c96661e30bd16ad3ba2c68359178525eafca8d17d0e3aa3093f1e0d163
42,ESTABLISHED,MTUM,ETF,MTUM,,MARKET_EVIDENCE_POSITIVE,US_LARGE,55.6,2,5,11,0.3267,7,38,0.0,1269898,2026-11-20,2/2 fixed expirations with four usable option legs on 2026-10-01; best displayed half-spread/wing 32.7%; 5 dated 21–100 DTE four-leg expirations; us large exposure; 11 near-ATM strike pairs on best dated expiration,,PR33,668ae4c96661e30bd16ad3ba2c68359178525eafca8d17d0e3aa3093f1e0d163
43,ESTABLISHED,SPMO,ETF,SPMO,,MARKET_EVIDENCE_POSITIVE,US_LARGE,65.6,2,2,9,0.1775,11,144,4.0,1968369,2026-12-18,2/2 fixed expirations with four usable option legs on 2026-10-01; best displayed half-spread/wing 17.8%; 2 dated 21–100 DTE four-leg expirations; us large exposure; 9 near-ATM strike pairs on best dated expiration,,PR33,668ae4c96661e30bd16ad3ba2c68359178525eafca8d17d0e3aa3093f1e0d163
44,ESTABLISHED,XLY,ETF,XLY,,MARKET_EVIDENCE_POSITIVE,US_SECTOR,37.4,1,6,15,0.3833,6,455,1.5,7752593,2026-12-18,1/2 fixed expirations with four usable option legs on 2026-10-01; best displayed half-spread/wing 38.3%; 6 dated 21–100 DTE four-leg expirations; us sector exposure; 15 near-ATM strike pairs on best dated expiration,Only one of two fixed PR #33 expiration slots had four usable legs.,PR33,668ae4c96661e30bd16ad3ba2c68359178525eafca8d17d0e3aa3093f1e0d163
45,ESTABLISHED,XLP,ETF,XLP,,MARKET_EVIDENCE_POSITIVE,US_SECTOR,27.6,1,6,10,0.6588,1,85,29.5,12895910,2026-12-18,1/2 fixed expirations with four usable option legs on 2026-10-01; best displayed half-spread/wing 65.9%; 6 dated 21–100 DTE four-leg expirations; us sector exposure; 10 near-ATM strike pairs on best dated expiration,Only one of two fixed PR #33 expiration slots had four usable legs.,PR33,668ae4c96661e30bd16ad3ba2c68359178525eafca8d17d0e3aa3093f1e0d163
46,ESTABLISHED,PAVE,ETF,PAVE,,MARKET_EVIDENCE_POSITIVE,US_SECTOR,57.0,2,2,5,0.7375,16,10,0.0,1335056,2026-12-18,2/2 fixed expirations with four usable option legs on 2026-10-01; best displayed half-spread/wing 73.8%; 2 dated 21–100 DTE four-leg expirations; us sector exposure; 5 near-ATM strike pairs on best dated expiration,,PR33,668ae4c96661e30bd16ad3ba2c68359178525eafca8d17d0e3aa3093f1e0d163
47,ESTABLISHED,URA,ETF,URA,,MARKET_EVIDENCE_POSITIVE,RESOURCE_THEME,59.2,2,6,8,0.4375,109,88,4.75,3943135,2026-12-18,2/2 fixed expirations with four usable option legs on 2026-10-01; best displayed half-spread/wing 43.8%; 6 dated 21–100 DTE four-leg expirations; resource theme exposure; 8 near-ATM strike pairs on best dated expiration,,PR33,668ae4c96661e30bd16ad3ba2c68359178525eafca8d17d0e3aa3093f1e0d163
48,ESTABLISHED,JETS,ETF,JETS,,MARKET_EVIDENCE_POSITIVE,US_SECTOR,33.4,1,6,5,0.26,14,3824,9.25,3315268,2026-12-18,1/2 fixed expirations with four usable option legs on 2026-10-01; best displayed half-spread/wing 26.0%; 6 dated 21–100 DTE four-leg expirations; us sector exposure; 5 near-ATM strike pairs on best dated expiration,Only one of two fixed PR #33 expiration slots had four usable legs.,PR33,668ae4c96661e30bd16ad3ba2c68359178525eafca8d17d0e3aa3093f1e0d163
49,ESTABLISHED,ITB,ETF,ITB,,MARKET_EVIDENCE_POSITIVE,US_SECTOR,29.2,1,1,9,0.5062,39,3,0.75,3850438,2026-11-20,1/2 fixed expirations with four usable option legs on 2026-10-01; best displayed half-spread/wing 50.6%; 1 dated 21–100 DTE four-leg expirations; us sector exposure; 9 near-ATM strike pairs on best dated expiration,Only one of two fixed PR #33 expiration slots had four usable legs.,PR33,668ae4c96661e30bd16ad3ba2c68359178525eafca8d17d0e3aa3093f1e0d163
50,ESTABLISHED,CIBR,ETF,CIBR,,MARKET_EVIDENCE_POSITIVE,SEMICONDUCTOR_TECH,29.7,1,1,2,0.28,13,54,12.5,2189074,2026-11-20,1/2 fixed expirations with four usable option legs on 2026-10-01; best displayed half-spread/wing 28.0%; 1 dated 21–100 DTE four-leg expirations; semiconductor tech exposure; 2 near-ATM strike pairs on best dated expiration,Only one of two fixed PR #33 expiration slots had four usable legs.,PR33,668ae4c96661e30bd16ad3ba2c68359178525eafca8d17d0e3aa3093f1e0d163
51,ESTABLISHED,RUT,INDEX,RUTW,RUT,DATA_METHOD_GAP,INDEX_US,,,7,,0.0132,3,0,2.25,,2026-11-13,four usable option legs on 2026-10-02; best displayed half-spread/wing 1.3%; 7 dated 21–100 DTE four-leg expirations; index us exposure,DATA METHOD GAP: Tradier derived RUT reference lacked trade timestamp; RUT/RUTW four-leg markets were usable. Prefer RUTW PM settlement subject to exact-class workflow confirmation; large index contract granularity. IWM exposure overlap; cash-settled index,OCT02,773b3066e0d1fe3265dd6aa3445d5d89baaf5365a6691257650baecf3fd69f5d
52,ESTABLISHED,NDX,INDEX,NDXP,NDX,DATA_METHOD_GAP,INDEX_US,,,18,,0.0189,11,1,0.25,,2026-11-13,four usable option legs on 2026-10-02; best displayed half-spread/wing 1.9%; 18 dated 21–100 DTE four-leg expirations; index us exposure,DATA METHOD GAP: Tradier derived NDX reference lacked trade timestamp; NDX/NDXP four-leg markets were usable. Prefer NDXP PM settlement subject to exact-class workflow confirmation; large index contract granularity. QQQ exposure overlap; cash-settled index,OCT02,773b3066e0d1fe3265dd6aa3445d5d89baaf5365a6691257650baecf3fd69f5d
53,BREADTH,EWW,ETF,EWW,,MARKET_EVIDENCE_POSITIVE,INTERNATIONAL,33.1,1,2,7,0.9333,12,0,0.0,1499187,2026-11-20,1/2 fixed expirations with four usable option legs on 2026-10-01; best displayed half-spread/wing 93.3%; 2 dated 21–100 DTE four-leg expirations; international exposure; 7 near-ATM strike pairs on best dated expiration,Only one of two fixed PR #33 expiration slots had four usable legs.,PR33,668ae4c96661e30bd16ad3ba2c68359178525eafca8d17d0e3aa3093f1e0d163
54,BREADTH,SILJ,ETF,SILJ,,MARKET_EVIDENCE_POSITIVE,PRECIOUS_METAL,44.8,1,5,5,0.17,90,270,80.25,3209493,2026-11-20,1/2 fixed expirations with four usable option legs on 2026-10-01; best displayed half-spread/wing 17.0%; 5 dated 21–100 DTE four-leg expirations; precious metal exposure; 5 near-ATM strike pairs on best dated expiration,Only one of two fixed PR #33 expiration slots had four usable legs.,PR33,668ae4c96661e30bd16ad3ba2c68359178525eafca8d17d0e3aa3093f1e0d163
55,BREADTH,REMX,ETF,REMX,,MARKET_EVIDENCE_POSITIVE,RESOURCE_THEME,58.0,2,2,1,0.28,41,4,30.5,841244,2026-11-20,2/2 fixed expirations with four usable option legs on 2026-10-01; best displayed half-spread/wing 28.0%; 2 dated 21–100 DTE four-leg expirations; resource theme exposure; 1 near-ATM strike pairs on best dated expiration,First to review as better breadth evidence arrives.,PR33,668ae4c96661e30bd16ad3ba2c68359178525eafca8d17d0e3aa3093f1e0d163
56,BREADTH,COPX,ETF,COPX,,MARKET_EVIDENCE_POSITIVE,RESOURCE_THEME,29.9,1,6,9,0.195,1,83,5.5,2675117,2026-12-18,1/2 fixed expirations with four usable option legs on 2026-10-01; best displayed half-spread/wing 19.5%; 6 dated 21–100 DTE four-leg expirations; resource theme exposure; 9 near-ATM strike pairs on best dated expiration,Only one of two fixed PR #33 expiration slots had four usable legs.,PR33,668ae4c96661e30bd16ad3ba2c68359178525eafca8d17d0e3aa3093f1e0d163
57,BREADTH,CPER,ETF,CPER,,MARKET_EVIDENCE_POSITIVE,RESOURCE_THEME,25.5,1,1,4,0.25,1,4,211.0,434065,2026-11-20,1/2 fixed expirations with four usable option legs on 2026-10-01; best displayed half-spread/wing 25.0%; 1 dated 21–100 DTE four-leg expirations; resource theme exposure; 4 near-ATM strike pairs on best dated expiration,Only one of two fixed PR #33 expiration slots had four usable legs.,PR33,668ae4c96661e30bd16ad3ba2c68359178525eafca8d17d0e3aa3093f1e0d163
58,BREADTH,BNO,ETF,BNO,,MARKET_EVIDENCE_POSITIVE,ENERGY_COMMODITY,30.4,1,5,10,0.4917,35,27,5.25,2803207,2026-11-20,1/2 fixed expirations with four usable option legs on 2026-10-01; best displayed half-spread/wing 49.2%; 5 dated 21–100 DTE four-leg expirations; energy commodity exposure; 10 near-ATM strike pairs on best dated expiration,Commodity futures fund with roll effects; one passing probe. Only one of two fixed PR #33 expiration slots had four usable legs.,PR33,668ae4c96661e30bd16ad3ba2c68359178525eafca8d17d0e3aa3093f1e0d163
59,BREADTH,UGA,ETF,UGA,,MARKET_EVIDENCE_POSITIVE,ENERGY_COMMODITY,55.5,2,2,5,0.6893,13,0,0.5,266966,2026-11-20,2/2 fixed expirations with four usable option legs on 2026-10-01; best displayed half-spread/wing 68.9%; 2 dated 21–100 DTE four-leg expirations; energy commodity exposure; 5 near-ATM strike pairs on best dated expiration,Gasoline futures fund with roll effects and narrower product.,PR33,668ae4c96661e30bd16ad3ba2c68359178525eafca8d17d0e3aa3093f1e0d163
60,BREADTH,URNM,ETF,URNM,,MARKET_EVIDENCE_POSITIVE,RESOURCE_THEME,23.7,1,1,4,0.525,1,6,12.0,487125,2026-11-20,1/2 fixed expirations with four usable option legs on 2026-10-01; best displayed half-spread/wing 52.5%; 1 dated 21–100 DTE four-leg expirations; resource theme exposure; 4 near-ATM strike pairs on best dated expiration,Only one of two fixed PR #33 expiration slots had four usable legs.,PR33,668ae4c96661e30bd16ad3ba2c68359178525eafca8d17d0e3aa3093f1e0d163
61,BREADTH,TAN,ETF,TAN,,MARKET_EVIDENCE_POSITIVE,RESOURCE_THEME,29.2,1,1,4,0.4375,9,52,2.75,817801,2026-11-20,1/2 fixed expirations with four usable option legs on 2026-10-01; best displayed half-spread/wing 43.7%; 1 dated 21–100 DTE four-leg expirations; resource theme exposure; 4 near-ATM strike pairs on best dated expiration,Only one of two fixed PR #33 expiration slots had four usable legs.,PR33,668ae4c96661e30bd16ad3ba2c68359178525eafca8d17d0e3aa3093f1e0d163
62,BREADTH,ARKK,ETF,ARKK,,MARKET_EVIDENCE_POSITIVE,INNOVATION_THEME,30.7,1,6,14,0.8925,190,746,406.25,3721320,2026-12-18,1/2 fixed expirations with four usable option legs on 2026-10-01; best displayed half-spread/wing 89.2%; 6 dated 21–100 DTE four-leg expirations; innovation theme exposure; 14 near-ATM strike pairs on best dated expiration,Concentrated growth theme; one passing probe. Only one of two fixed PR #33 expiration slots had four usable legs.,PR33,668ae4c96661e30bd16ad3ba2c68359178525eafca8d17d0e3aa3093f1e0d163
63,BREADTH,ARKG,ETF,ARKG,,MARKET_EVIDENCE_POSITIVE,BIOTECH_HEALTH,56.6,2,6,9,0.925,138,0,3.25,3879597,2026-12-18,2/2 fixed expirations with four usable option legs on 2026-10-01; best displayed half-spread/wing 92.5%; 6 dated 21–100 DTE four-leg expirations; biotech health exposure; 9 near-ATM strike pairs on best dated expiration,,PR33,668ae4c96661e30bd16ad3ba2c68359178525eafca8d17d0e3aa3093f1e0d163
64,BREADTH,ARKQ,ETF,ARKQ,,MARKET_EVIDENCE_POSITIVE,INNOVATION_THEME,55.3,2,2,10,0.4875,11,0,0.0,111030,2026-11-20,2/2 fixed expirations with four usable option legs on 2026-10-01; best displayed half-spread/wing 48.8%; 2 dated 21–100 DTE four-leg expirations; innovation theme exposure; 10 near-ATM strike pairs on best dated expiration,,PR33,668ae4c96661e30bd16ad3ba2c68359178525eafca8d17d0e3aa3093f1e0d163
65,BREADTH,ARKW,ETF,ARKW,,MARKET_EVIDENCE_POSITIVE,INNOVATION_THEME,57.3,2,2,11,0.7667,34,0,0.0,68350,2026-11-20,2/2 fixed expirations with four usable option legs on 2026-10-01; best displayed half-spread/wing 76.7%; 2 dated 21–100 DTE four-leg expirations; innovation theme exposure; 11 near-ATM strike pairs on best dated expiration,First to review as better breadth evidence arrives.,PR33,668ae4c96661e30bd16ad3ba2c68359178525eafca8d17d0e3aa3093f1e0d163
66,BREADTH,DRAM,ETF,DRAM,,MARKET_EVIDENCE_POSITIVE,SEMICONDUCTOR_TECH,61.6,2,6,12,0.2833,66,453,234.25,34079800,2026-12-18,2/2 fixed expirations with four usable option legs on 2026-10-01; best displayed half-spread/wing 28.3%; 6 dated 21–100 DTE four-leg expirations; semiconductor tech exposure; 12 near-ATM strike pairs on best dated expiration,Narrow memory theme despite two passing probes.,PR33,668ae4c96661e30bd16ad3ba2c68359178525eafca8d17d0e3aa3093f1e0d163
67,BREADTH,CHAT,ETF,CHAT,,MARKET_EVIDENCE_POSITIVE,SEMICONDUCTOR_TECH,56.4,2,2,5,0.45,21,1,5.75,238644,2026-11-20,2/2 fixed expirations with four usable option legs on 2026-10-01; best displayed half-spread/wing 45.0%; 2 dated 21–100 DTE four-leg expirations; semiconductor tech exposure; 5 near-ATM strike pairs on best dated expiration,,PR33,668ae4c96661e30bd16ad3ba2c68359178525eafca8d17d0e3aa3093f1e0d163
68,BREADTH,QTUM,ETF,QTUM,,MARKET_EVIDENCE_POSITIVE,SEMICONDUCTOR_TECH,56.8,2,2,6,0.4063,37,0,2.75,277461,2026-11-20,2/2 fixed expirations with four usable option legs on 2026-10-01; best displayed half-spread/wing 40.6%; 2 dated 21–100 DTE four-leg expirations; semiconductor tech exposure; 6 near-ATM strike pairs on best dated expiration,,PR33,668ae4c96661e30bd16ad3ba2c68359178525eafca8d17d0e3aa3093f1e0d163
69,BREADTH,BUG,ETF,BUG,,MARKET_EVIDENCE_POSITIVE,SEMICONDUCTOR_TECH,57.1,2,2,5,1.15,154,3,29.0,1310014,2026-11-20,2/2 fixed expirations with four usable option legs on 2026-10-01; best displayed half-spread/wing 115.0%; 2 dated 21–100 DTE four-leg expirations; semiconductor tech exposure; 5 near-ATM strike pairs on best dated expiration,First to review as better breadth evidence arrives.,PR33,668ae4c96661e30bd16ad3ba2c68359178525eafca8d17d0e3aa3093f1e0d163
70,BREADTH,PALL,ETF,PALL,,MARKET_EVIDENCE_POSITIVE,PRECIOUS_METAL,36.6,1,2,2,0.925,6,33,4.5,1103021,2026-12-18,1/2 fixed expirations with four usable option legs on 2026-10-01; best displayed half-spread/wing 92.5%; 2 dated 21–100 DTE four-leg expirations; precious metal exposure; 2 near-ATM strike pairs on best dated expiration,Only one of two fixed PR #33 expiration slots had four usable legs. First to review as better breadth evidence arrives.,PR33,668ae4c96661e30bd16ad3ba2c68359178525eafca8d17d0e3aa3093f1e0d163
71,BREADTH,MAGS,ETF,MAGS,,MARKET_EVIDENCE_POSITIVE,US_LARGE,30.1,1,6,12,0.2313,1,99,3.0,3896528,2026-12-18,1/2 fixed expirations with four usable option legs on 2026-10-01; best displayed half-spread/wing 23.1%; 6 dated 21–100 DTE four-leg expirations; us large exposure; 12 near-ATM strike pairs on best dated expiration,Concentrated mega-cap basket; one passing probe. Only one of two fixed PR #33 expiration slots had four usable legs.,PR33,668ae4c96661e30bd16ad3ba2c68359178525eafca8d17d0e3aa3093f1e0d163
72,BREADTH,VIG,ETF,VIG,,MARKET_EVIDENCE_POSITIVE,US_LARGE,41.2,1,2,4,0.16,13,15,0.0,1601140,2026-12-18,1/2 fixed expirations with four usable option legs on 2026-10-01; best displayed half-spread/wing 16.0%; 2 dated 21–100 DTE four-leg expirations; us large exposure; 4 near-ATM strike pairs on best dated expiration,Only one of two fixed PR #33 expiration slots had four usable legs.,PR33,668ae4c96661e30bd16ad3ba2c68359178525eafca8d17d0e3aa3093f1e0d163
73,BREADTH,SPHB,ETF,SPHB,,MARKET_EVIDENCE_POSITIVE,US_LARGE,55.1,2,2,6,0.5786,16,0,0.25,548132,2026-11-20,2/2 fixed expirations with four usable option legs on 2026-10-01; best displayed half-spread/wing 57.9%; 2 dated 21–100 DTE four-leg expirations; us large exposure; 6 near-ATM strike pairs on best dated expiration,,PR33,668ae4c96661e30bd16ad3ba2c68359178525eafca8d17d0e3aa3093f1e0d163
74,BREADTH,XES,ETF,XES,,MARKET_EVIDENCE_POSITIVE,ENERGY_EQUITY,56.3,2,2,6,1.03,66,0,0.0,159472,2026-11-20,2/2 fixed expirations with four usable option legs on 2026-10-01; best displayed half-spread/wing 103.0%; 2 dated 21–100 DTE four-leg expirations; energy equity exposure; 6 near-ATM strike pairs on best dated expiration,First to review as better breadth evidence arrives.,PR33,668ae4c96661e30bd16ad3ba2c68359178525eafca8d17d0e3aa3093f1e0d163
75,BREADTH,MLPX,ETF,MLPX,,MARKET_EVIDENCE_POSITIVE,ENERGY_EQUITY,53.5,2,2,7,1.2,5,0,0.0,406615,2026-11-20,2/2 fixed expirations with four usable option legs on 2026-10-01; best displayed half-spread/wing 120.0%; 2 dated 21–100 DTE four-leg expirations; energy equity exposure; 7 near-ATM strike pairs on best dated expiration,First to review as better breadth evidence arrives.,PR33,668ae4c96661e30bd16ad3ba2c68359178525eafca8d17d0e3aa3093f1e0d163
76,BREADTH,VXF,ETF,VXF,,MARKET_EVIDENCE_POSITIVE,US_SMALL_MID,36.4,1,2,5,0.7725,159,0,0.0,469758,2026-12-18,1/2 fixed expirations with four usable option legs on 2026-10-01; best displayed half-spread/wing 77.2%; 2 dated 21–100 DTE four-leg expirations; us small mid exposure; 5 near-ATM strike pairs on best dated expiration,Only one of two fixed PR #33 expiration slots had four usable legs. First to review as better breadth evidence arrives.,PR33,668ae4c96661e30bd16ad3ba2c68359178525eafca8d17d0e3aa3093f1e0d163
77,BREADTH,VOT,ETF,VOT,,MARKET_EVIDENCE_POSITIVE,US_SMALL_MID,31.3,1,2,5,0.5417,12,1,0.0,210859,2026-12-18,1/2 fixed expirations with four usable option legs on 2026-10-01; best displayed half-spread/wing 54.2%; 2 dated 21–100 DTE four-leg expirations; us small mid exposure; 5 near-ATM strike pairs on best dated expiration,Only one of two fixed PR #33 expiration slots had four usable legs. First to review as better breadth evidence arrives.,PR33,668ae4c96661e30bd16ad3ba2c68359178525eafca8d17d0e3aa3093f1e0d163
78,BREADTH,IWO,ETF,IWO,,MARKET_EVIDENCE_POSITIVE,US_SMALL_MID,26.9,1,1,7,0.3112,7,0,0.0,531259,2026-11-20,1/2 fixed expirations with four usable option legs on 2026-10-01; best displayed half-spread/wing 31.1%; 1 dated 21–100 DTE four-leg expirations; us small mid exposure; 7 near-ATM strike pairs on best dated expiration,Only one of two fixed PR #33 expiration slots had four usable legs. First to review as better breadth evidence arrives.,PR33,668ae4c96661e30bd16ad3ba2c68359178525eafca8d17d0e3aa3093f1e0d163
79,BREADTH,IWC,ETF,IWC,,MARKET_EVIDENCE_POSITIVE,US_SMALL_MID,36.0,1,2,10,1.0194,139,0,0.0,413669,2026-12-18,1/2 fixed expirations with four usable option legs on 2026-10-01; best displayed half-spread/wing 101.9%; 2 dated 21–100 DTE four-leg expirations; us small mid exposure; 10 near-ATM strike pairs on best dated expiration,Only one of two fixed PR #33 expiration slots had four usable legs. First to review as better breadth evidence arrives.,PR33,668ae4c96661e30bd16ad3ba2c68359178525eafca8d17d0e3aa3093f1e0d163
80,BREADTH,BSOL,ETF,BSOL,,MARKET_EVIDENCE_POSITIVE,CRYPTO_ASSET,29.9,1,1,1,0.35,15,259,122.75,2184060,2026-11-20,1/2 fixed expirations with four usable option legs on 2026-10-01; best displayed half-spread/wing 35.0%; 1 dated 21–100 DTE four-leg expirations; crypto asset exposure; 1 near-ATM strike pairs on best dated expiration,Single crypto-asset fund; one passing probe and short evidence history. Only one of two fixed PR #33 expiration slots had four usable legs. First to review as better breadth evidence arrives.,PR33,668ae4c96661e30bd16ad3ba2c68359178525eafca8d17d0e3aa3093f1e0d163
81,BREADTH,XHB,ETF,XHB,,MARKET_EVIDENCE_POSITIVE,US_SECTOR,37.3,1,6,12,1.0275,13,12,1.25,2478048,2026-12-18,1/2 fixed expirations with four usable option legs on 2026-10-01; best displayed half-spread/wing 102.8%; 6 dated 21–100 DTE four-leg expirations; us sector exposure; 12 near-ATM strike pairs on best dated expiration,Only one of two fixed PR #33 expiration slots had four usable legs. ITB homebuilding overlap; alternative basket First to review as better breadth evidence arrives.,PR33,668ae4c96661e30bd16ad3ba2c68359178525eafca8d17d0e3aa3093f1e0d163
82,BREADTH,XSD,ETF,XSD,,MARKET_EVIDENCE_POSITIVE,SEMICONDUCTOR_TECH,55.5,2,2,10,0.282,17,0,0.0,110236,2026-11-20,2/2 fixed expirations with four usable option legs on 2026-10-01; best displayed half-spread/wing 28.2%; 2 dated 21–100 DTE four-leg expirations; semiconductor tech exposure; 10 near-ATM strike pairs on best dated expiration,,PR33,668ae4c96661e30bd16ad3ba2c68359178525eafca8d17d0e3aa3093f1e0d163
83,BREADTH,IYW,ETF,IYW,,MARKET_EVIDENCE_POSITIVE,US_SECTOR,57.0,2,2,5,0.2733,138,0,2.5,586918,2026-11-20,2/2 fixed expirations with four usable option legs on 2026-10-01; best displayed half-spread/wing 27.3%; 2 dated 21–100 DTE four-leg expirations; us sector exposure; 5 near-ATM strike pairs on best dated expiration,XLK technology overlap; alternative exposure,PR33,668ae4c96661e30bd16ad3ba2c68359178525eafca8d17d0e3aa3093f1e0d163
84,BREADTH,VGT,ETF,VGT,,MARKET_EVIDENCE_POSITIVE,US_SECTOR,60.3,2,2,20,0.2,7,6,9.25,4368442,2026-11-20,2/2 fixed expirations with four usable option legs on 2026-10-01; best displayed half-spread/wing 20.0%; 2 dated 21–100 DTE four-leg expirations; us sector exposure; 20 near-ATM strike pairs on best dated expiration,XLK technology overlap; alternative broad tech fund,PR33,668ae4c96661e30bd16ad3ba2c68359178525eafca8d17d0e3aa3093f1e0d163
85,BREADTH,VDE,ETF,VDE,,MARKET_EVIDENCE_POSITIVE,ENERGY_EQUITY,56.6,2,2,6,0.5306,36,2,1.0,766308,2026-12-18,2/2 fixed expirations with four usable option legs on 2026-10-01; best displayed half-spread/wing 53.1%; 2 dated 21–100 DTE four-leg expirations; energy equity exposure; 6 near-ATM strike pairs on best dated expiration,XLE energy overlap; alternative exposure,PR33,668ae4c96661e30bd16ad3ba2c68359178525eafca8d17d0e3aa3093f1e0d163
86,BREADTH,IEO,ETF,IEO,,MARKET_EVIDENCE_POSITIVE,ENERGY_EQUITY,55.9,2,2,7,0.875,51,0,0.0,597710,2026-11-20,2/2 fixed expirations with four usable option legs on 2026-10-01; best displayed half-spread/wing 87.5%; 2 dated 21–100 DTE four-leg expirations; energy equity exposure; 7 near-ATM strike pairs on best dated expiration,XOP energy exploration overlap; alternative exposure,PR33,668ae4c96661e30bd16ad3ba2c68359178525eafca8d17d0e3aa3093f1e0d163
87,BREADTH,HACK,ETF,HACK,,MARKET_EVIDENCE_POSITIVE,SEMICONDUCTOR_TECH,56.6,2,2,10,0.6208,30,0,0.0,203628,2026-11-20,2/2 fixed expirations with four usable option legs on 2026-10-01; best displayed half-spread/wing 62.1%; 2 dated 21–100 DTE four-leg expirations; semiconductor tech exposure; 10 near-ATM strike pairs on best dated expiration,CIBR cybersecurity overlap; alternative exposure First to review as better breadth evidence arrives.,PR33,668ae4c96661e30bd16ad3ba2c68359178525eafca8d17d0e3aa3093f1e0d163
88,BREADTH,FTEC,ETF,FTEC,,MARKET_EVIDENCE_POSITIVE,US_SECTOR,56.1,2,2,6,0.48,72,0,0.0,344874,2026-12-18,2/2 fixed expirations with four usable option legs on 2026-10-01; best displayed half-spread/wing 48.0%; 2 dated 21–100 DTE four-leg expirations; us sector exposure; 6 near-ATM strike pairs on best dated expiration,XLK technology overlap; alternative exposure First to review as better breadth evidence arrives.,PR33,668ae4c96661e30bd16ad3ba2c68359178525eafca8d17d0e3aa3093f1e0d163
89,BREADTH,EEM,ETF,EEM,,MARKET_EVIDENCE_POSITIVE,INTERNATIONAL,30.0,1,7,13,0.7271,12,0,238.0,18928517,2026-12-18,1/2 fixed expirations with four usable option legs on 2026-10-01; best displayed half-spread/wing 72.7%; 7 dated 21–100 DTE four-leg expirations; international exposure; 13 near-ATM strike pairs on best dated expiration,Only one of two fixed PR #33 expiration slots had four usable legs. IEMG emerging-market overlap; retained for alternative option market First to review as better breadth evidence arrives.,PR33,668ae4c96661e30bd16ad3ba2c68359178525eafca8d17d0e3aa3093f1e0d163
90,BREADTH,QQQM,ETF,QQQM,,MARKET_EVIDENCE_POSITIVE,US_NASDAQ,82.8,2,2,6,0.0617,8,16,10.75,3417264,2026-11-20,2/2 fixed expirations with four usable option legs on 2026-10-01; best displayed half-spread/wing 6.2%; 2 dated 21–100 DTE four-leg expirations; us nasdaq exposure; 6 near-ATM strike pairs on best dated expiration,QQQ overlap; smaller ETF has two passing PR #33 slots,PR33,668ae4c96661e30bd16ad3ba2c68359178525eafca8d17d0e3aa3093f1e0d163
91,BREADTH,SIVR,ETF,SIVR,,MARKET_EVIDENCE_POSITIVE,PRECIOUS_METAL,56.9,2,2,5,0.8,13,1,1.75,2572445,2026-11-20,2/2 fixed expirations with four usable option legs on 2026-10-01; best displayed half-spread/wing 80.0%; 2 dated 21–100 DTE four-leg expirations; precious metal exposure; 5 near-ATM strike pairs on best dated expiration,SLV silver overlap; alternative trust First to review as better breadth evidence arrives.,PR33,668ae4c96661e30bd16ad3ba2c68359178525eafca8d17d0e3aa3093f1e0d163
92,BREADTH,IBB,ETF,IBB,,MARKET_EVIDENCE_POSITIVE,BIOTECH_HEALTH,54.6,2,2,4,0.49,11,0,8.0,1546879,2026-11-20,2/2 fixed expirations with four usable option legs on 2026-10-01; best displayed half-spread/wing 49.0%; 2 dated 21–100 DTE four-leg expirations; biotech health exposure; 4 near-ATM strike pairs on best dated expiration,XBI biotech overlap; different weighting First to review as better breadth evidence arrives.,PR33,668ae4c96661e30bd16ad3ba2c68359178525eafca8d17d0e3aa3093f1e0d163
